Name,State,Sweep ID,Sweep Label,Model,Repeated,Num Repeats,Rep Budget,Direction,OT Multiplier,Eval Loss,Train Loss (last),Train Loss (avg),Global Step,Epoch,Tokens Seen,Unique Tokens,Train Tok/s,Learning Rate,Duration,Finished,Created,W&B Link
lively-sweep-1,finished,apj92xvb,"93M nr=[1,3,13,51,193,719,2682,10000]",93M,non-repeated,1,10%,top,1,3.674480438232422,3.6739,4.354534844392001,5284,1,1861362720,186136272.0,52939.544,1.3154187606458788e-08,10h 13m,170d 14h ago,2026-03-01T09:31:53Z,https://wandb.ai/jchud-stanford-university/hernandez-replication/runs/1ui118v5
fallen-sweep-1,finished,20mrz98t,"93M nr=[1,3,13,51,193,719,2682,10000]",93M,non-repeated,1,10%,top,1,3.6734678745269775,3.6729,4.35436370136339,5284,1,1861362720,186136272.0,52886.413,1.3154187606458788e-08,10h 6m,170d 0h ago,2026-03-01T23:52:22Z,https://wandb.ai/jchud-stanford-university/hernandez-replication/runs/s3dt7u96
still-sweep-2,finished,20mrz98t,"93M nr=[1,3,13,51,193,719,2682,10000]",93M,repeated,3,10%,top,1,3.6745641231536865,3.6665,4.352667556710706,5283,1,1861382743,62046091.43333334,52975.664,1.0659944404516173e-08,10h 6m,170d 0h ago,2026-03-01T23:54:46Z,https://wandb.ai/jchud-stanford-university/hernandez-replication/runs/horc0tgt
swift-sweep-5,finished,20mrz98t,"93M nr=[1,3,13,51,193,719,2682,10000]",93M,repeated,193,10%,top,1,3.77472186088562,3.4246,4.208666612232974,5287,1,1861637509,964579.0202072539,52393.698,2.2209484856055363e-08,10h 19m,170d 0h ago,2026-03-01T23:58:20Z,https://wandb.ai/jchud-stanford-university/hernandez-replication/runs/vs9gumvf
rose-sweep-3,finished,apj92xvb,"93M nr=[1,3,13,51,193,719,2682,10000]",93M,repeated,13,10%,top,1,3.6802115440368657,3.6657,4.348355244867729,5280,1,1861395104,14318423.876923077,53192.348,4.7422504597681824e-09,10h 15m,170d 0h ago,2026-03-02T00:03:29Z,https://wandb.ai/jchud-stanford-university/hernandez-replication/runs/xaqinobu
unique-sweep-6,finished,20mrz98t,"93M nr=[1,3,13,51,193,719,2682,10000]",93M,repeated,719,10%,top,1,3.769562959671021,3.3882,4.1378951872542915,5276,1,1861495594,258900.63894297637,53280.845,5.279168639394582e-10,10h 11m,170d 0h ago,2026-03-02T00:03:58Z,https://wandb.ai/jchud-stanford-university/hernandez-replication/runs/6h2y0r09
charmed-sweep-7,finished,20mrz98t,"93M nr=[1,3,13,51,193,719,2682,10000]",93M,repeated,2682,10%,top,1,3.7298104763031006,3.3505,4.078721048257383,5270,1,1861717038,69415.25123042506,53101.102,5.8312149299543174e-08,10h 14m,170d 0h ago,2026-03-02T00:06:13Z,https://wandb.ai/jchud-stanford-university/hernandez-replication/runs/rx8zortb
icy-sweep-8,finished,20mrz98t,"93M nr=[1,3,13,51,193,719,2682,10000]",93M,repeated,10000,10%,top,1,3.7090494632720943,3.3088,4.008775986951685,5268,1,1876660091,18766.60091,53248.794,4.77794783906105e-08,10h 34m,169d 23h ago,2026-03-02T00:13:33Z,https://wandb.ai/jchud-stanford-university/hernandez-replication/runs/u0643fut
jumping-sweep-9,finished,20mrz98t,"93M nr=[1,3,13,51,193,719,2682,10000]",93M,non-repeated,1,10%,bot,1,3.673127412796021,3.671,4.352340363138149,5282,1,1861373403,186137340.3,53205.705,8.42666624317841e-09,10h 27m,169d 23h ago,2026-03-02T00:15:42Z,https://wandb.ai/jchud-stanford-university/hernandez-replication/runs/xp5pqprg
dry-sweep-10,finished,20mrz98t,"93M nr=[1,3,13,51,193,719,2682,10000]",93M,repeated,3,10%,bot,1,3.6729576587677,3.6647,4.351309657142001,5282,1,1861370121,62045670.70000001,52986.279,8.42666624317841e-09,10h 14m,169d 14h ago,2026-03-02T10:01:09Z,https://wandb.ai/jchud-stanford-university/hernandez-replication/runs/ft5jewzr
stoic-sweep-11,finished,20mrz98t,"93M nr=[1,3,13,51,193,719,2682,10000]",93M,repeated,13,10%,bot,1,3.6795575618743896,3.6644,4.348423035939534,5280,1,1861386032,14318354.092307694,53273.285,4.7422504597681824e-09,10h 9m,169d 13h ago,2026-03-02T10:15:54Z,https://wandb.ai/jchud-stanford-university/hernandez-replication/runs/rnq1bvvv
smooth-sweep-12,finished,20mrz98t,"93M nr=[1,3,13,51,193,719,2682,10000]",93M,repeated,51,10%,bot,1,3.698209285736084,3.6386,4.3340098241194305,5285,1,1861382651,3649769.903921569,52933.28,1.590902343406927e-08,10h 14m,169d 13h ago,2026-03-02T10:17:51Z,https://wandb.ai/jchud-stanford-university/hernandez-replication/runs/t6wujr80
fast-sweep-4,finished,apj92xvb,"93M nr=[1,3,13,51,193,719,2682,10000]",93M,repeated,51,10%,top,1,3.696753740310669,3.6338,4.333127063379443,5274,1,1861377966,3649760.7176470594,53084.785,8.25237492787795e-08,10h 8m,169d 13h ago,2026-03-02T10:19:16Z,https://wandb.ai/jchud-stanford-university/hernandez-replication/runs/esa4cny8
whole-sweep-13,finished,20mrz98t,"93M nr=[1,3,13,51,193,719,2682,10000]",93M,repeated,193,10%,bot,1,3.774637460708618,3.4261,4.20900182687875,5280,1,1861417481,964465.0160621763,53102.485,4.7422504597681824e-09,10h 12m,169d 13h ago,2026-03-02T10:21:37Z,https://wandb.ai/jchud-stanford-university/hernandez-replication/runs/c2iv8e9b
dauntless-sweep-14,finished,20mrz98t,"93M nr=[1,3,13,51,193,719,2682,10000]",93M,repeated,719,10%,bot,1,3.7638092041015625,3.3734,4.133648632958202,5252,1,1862252416,259005.89930458975,52992.716,1.198581280273e-09,10h 11m,169d 13h ago,2026-03-02T10:32:55Z,https://wandb.ai/jchud-stanford-university/hernandez-replication/runs/hiyx9ams
comic-sweep-15,finished,20mrz98t,"93M nr=[1,3,13,51,193,719,2682,10000]",93M,repeated,2682,10%,bot,1,3.732842445373535,3.375,4.084390811788221,5204,1,1861883880,69421.47203579418,53241.311,3.39044885903257e-09,10h 10m,169d 13h ago,2026-03-02T10:43:50Z,https://wandb.ai/jchud-stanford-university/hernandez-replication/runs/5ye352uq
balmy-sweep-16,finished,20mrz98t,"93M nr=[1,3,13,51,193,719,2682,10000]",93M,repeated,10000,10%,bot,1,3.712956428527832,3.2943,4.032687637423383,5179,1,1866541801,18665.41801,53282.81,3.423262070187314e-09,10h 12m,169d 13h ago,2026-03-02T10:48:47Z,https://wandb.ai/jchud-stanford-university/hernandez-replication/runs/gxwgammw
smooth-sweep-5,finished,apj92xvb,"93M nr=[1,3,13,51,193,719,2682,10000]",93M,repeated,193,10%,top,1,3.774540901184082,3.4243,4.208127847393361,5287,1,1861637509,964579.0202072539,52741.292,2.2209484856055363e-08,10h 23m,169d 3h ago,2026-03-02T20:27:59Z,https://wandb.ai/jchud-stanford-university/hernandez-replication/runs/nj8kngnd
swift-sweep-1,finished,3p1olv16,"63M nr=[1,3,13,51,193,719,2682,10000]",63M,non-repeated,1,10%,top,1,4.049374103546143,4.0499,4.812808744369015,3844,1,1257460896,125746089.60000001,63884.698,9.440619867801081e-08,6h 32m,145d 23h ago,2026-03-26T04:39:12Z,https://wandb.ai/jchud-stanford-university/hernandez-replication/runs/d27nn17m
kind-sweep-2,finished,3p1olv16,"63M nr=[1,3,13,51,193,719,2682,10000]",63M,repeated,3,10%,top,1,4.048196792602539,4.0596,4.810418959586851,3844,1,1257442612,41914753.733333334,63842.223,9.440619867801081e-08,6h 31m,145d 23h ago,2026-03-26T04:39:16Z,https://wandb.ai/jchud-stanford-university/hernandez-replication/runs/pg3pj4gv
stellar-sweep-3,finished,3p1olv16,"63M nr=[1,3,13,51,193,719,2682,10000]",63M,repeated,13,10%,top,1,4.052974700927734,4.046,4.807452742473835,3842,1,1257478854,9672914.261538463,63958.18,7.656909331686406e-08,6h 31m,145d 23h ago,2026-03-26T04:39:24Z,https://wandb.ai/jchud-stanford-university/hernandez-replication/runs/syd225jd
happy-sweep-1,finished,urnekydr,"48M nr=[1,3,13,51,193,719,2682,10000]",48M,non-repeated,1,10%,top,1,4.341091632843018,4.3389,5.154412560492942,3180,1,960071135,96007113.5,78392.474,1.197964435645644e-08,4h 25m,146d 1h ago,2026-03-26T04:40:10Z,https://wandb.ai/jchud-stanford-university/hernandez-replication/runs/54sn51gk
fine-sweep-2,finished,urnekydr,"48M nr=[1,3,13,51,193,719,2682,10000]",48M,repeated,3,10%,top,1,4.340647220611572,4.3304,5.154170930610513,3180,1,960092590,32003086.333333332,78675.836,1.197964435645644e-08,4h 24m,146d 1h ago,2026-03-26T04:40:13Z,https://wandb.ai/jchud-stanford-university/hernandez-replication/runs/7j5gn53c
wise-sweep-3,finished,urnekydr,"48M nr=[1,3,13,51,193,719,2682,10000]",48M,repeated,13,10%,top,1,4.344001770019531,4.329,5.149861291941792,3178,1,960087290,7385286.846153846,78313.181,5.332681319211246e-09,4h 25m,146d 1h ago,2026-03-26T04:40:18Z,https://wandb.ai/jchud-stanford-university/hernandez-replication/runs/8guwio80
exalted-sweep-4,finished,urnekydr,"48M nr=[1,3,13,51,193,719,2682,10000]",48M,repeated,51,10%,top,1,4.360175132751465,4.3225,5.143965149406979,3171,1,960133122,1882613.9647058824,78427.737,1.62068124760436e-07,4h 25m,146d 1h ago,2026-03-26T04:40:21Z,https://wandb.ai/jchud-stanford-university/hernandez-replication/runs/0n1onduu
jumping-sweep-4,finished,3p1olv16,"63M nr=[1,3,13,51,193,719,2682,10000]",63M,repeated,51,10%,top,1,4.0695881843566895,4.0339,4.798095161434013,3838,1,1257461362,2465610.5137254903,63902.711,4.641066190141991e-08,6h 30m,145d 23h ago,2026-03-26T04:41:38Z,https://wandb.ai/jchud-stanford-university/hernandez-replication/runs/5l7ccu1q
zesty-sweep-5,finished,urnekydr,"48M nr=[1,3,13,51,193,719,2682,10000]",48M,repeated,193,10%,top,1,4.435694694519043,4.1938,5.085661214321108,3169,1,960129892,497476.6279792746,78495.695,1.3404772745990768e-07,3h 46m,145d 21h ago,2026-03-26T09:05:30Z,https://wandb.ai/jchud-stanford-university/hernandez-replication/runs/t3gzbakf
dashing-sweep-6,finished,urnekydr,"48M nr=[1,3,13,51,193,719,2682,10000]",48M,repeated,719,10%,top,1,4.491370677947998,4.0746,4.974113089277742,3163,1,960888362,133642.33129346315,78543.285,6.594497633639948e-08,3h 46m,145d 21h ago,2026-03-26T09:05:43Z,https://wandb.ai/jchud-stanford-university/hernandez-replication/runs/mnwfabqi
glad-sweep-7,finished,urnekydr,"48M nr=[1,3,13,51,193,719,2682,10000]",48M,repeated,2682,10%,top,1,4.439000606536865,4.0241,4.873357446007866,3169,1,960858319,35826.18639075317,78291.996,1.3404772745990768e-07,3h 46m,145d 21h ago,2026-03-26T09:06:12Z,https://wandb.ai/jchud-stanford-university/hernandez-replication/runs/gk4tgwoo
vibrant-sweep-8,finished,urnekydr,"48M nr=[1,3,13,51,193,719,2682,10000]",48M,repeated,10000,10%,top,1,4.4027323722839355,3.9474,4.799537242848541,3174,1,963946409,9639.464090000001,78439.576,2.0878419057188565e-07,3h 46m,145d 21h ago,2026-03-26T09:06:31Z,https://wandb.ai/jchud-stanford-university/hernandez-replication/runs/yxnbr42u
faithful-sweep-5,finished,3p1olv16,"63M nr=[1,3,13,51,193,719,2682,10000]",63M,repeated,193,10%,top,1,4.148346900939941,3.8259,4.709514663604919,3841,1,1257478528,651543.2787564767,64093.809,6.834241976639824e-08,5h 51m,145d 17h ago,2026-03-26T11:11:13Z,https://wandb.ai/jchud-stanford-university/hernandez-replication/runs/cbon29mz
eternal-sweep-6,finished,3p1olv16,"63M nr=[1,3,13,51,193,719,2682,10000]",63M,repeated,719,10%,top,1,4.170383453369141,3.7955,4.609282557510165,3827,1,1257519626,174898.41808066762,64153.907,2.1436870146755455e-09,5h 51m,145d 17h ago,2026-03-26T11:11:35Z,https://wandb.ai/jchud-stanford-university/hernandez-replication/runs/5k4dpvxn
olive-sweep-7,finished,3p1olv16,"63M nr=[1,3,13,51,193,719,2682,10000]",63M,repeated,2682,10%,top,1,4.123667240142822,3.6959,4.524524368189107,3853,1,1260403851,46994.92360178971,64137.417,3.759239386987025e-09,6h 5m,145d 17h ago,2026-03-26T11:12:06Z,https://wandb.ai/jchud-stanford-university/hernandez-replication/runs/6gdv6nt3
sleek-sweep-8,finished,3p1olv16,"63M nr=[1,3,13,51,193,719,2682,10000]",63M,repeated,10000,10%,top,1,4.092819690704346,3.6654,4.460931120808656,3869,1,1262779189,12627.79189,64091.655,9.319007022966183e-08,6h 6m,145d 17h ago,2026-03-26T11:12:26Z,https://wandb.ai/jchud-stanford-university/hernandez-replication/runs/avqccfeb
fancy-sweep-9,finished,urnekydr,"48M nr=[1,3,13,51,193,719,2682,10000]",48M,non-repeated,1,10%,bot,1,4.3415422439575195,4.3441,5.155445650909395,3177,1,960096459,96009645.9,78713.789,3.00199736503723e-09,3h 56m,145d 17h ago,2026-03-26T12:52:04Z,https://wandb.ai/jchud-stanford-university/hernandez-replication/runs/t1m3u36p
polished-sweep-10,finished,urnekydr,"48M nr=[1,3,13,51,193,719,2682,10000]",48M,repeated,3,10%,bot,1,4.340985298156738,4.3361,5.153365483102387,3177,1,960081125,32002704.166666668,78620.63,3.00199736503723e-09,3h 55m,145d 17h ago,2026-03-26T12:52:43Z,https://wandb.ai/jchud-stanford-university/hernandez-replication/runs/3fdjehnt
vibrant-sweep-11,finished,urnekydr,"48M nr=[1,3,13,51,193,719,2682,10000]",48M,repeated,13,10%,bot,1,4.35007381439209,4.338,5.154930376668615,3175,1,960086914,7385283.953846155,78449.265,3.3381829658038284e-10,3h 55m,145d 17h ago,2026-03-26T12:53:14Z,https://wandb.ai/jchud-stanford-university/hernandez-replication/runs/xxne9d7i
robust-sweep-12,finished,urnekydr,"48M nr=[1,3,13,51,193,719,2682,10000]",48M,repeated,51,10%,bot,1,4.358293533325195,4.3256,5.1422257453409514,3178,1,960105463,1882559.7313725492,78513.552,5.332681319211246e-09,3h 54m,145d 17h ago,2026-03-26T12:53:30Z,https://wandb.ai/jchud-stanford-university/hernandez-replication/runs/xaw1lzo5
glowing-sweep-13,finished,urnekydr,"48M nr=[1,3,13,51,193,719,2682,10000]",48M,repeated,193,10%,bot,1,4.439815044403076,4.2006,5.090756122928892,3166,1,960122810,497472.9585492228,78458.829,9.708049085238287e-08,3h 49m,145d 13h ago,2026-03-26T16:48:44Z,https://wandb.ai/jchud-stanford-university/hernandez-replication/runs/6wjd1ujl
peachy-sweep-14,finished,urnekydr,"48M nr=[1,3,13,51,193,719,2682,10000]",48M,repeated,719,10%,bot,1,4.49468994140625,4.0699,4.980655433408364,3158,1,961278796,133696.63365785815,78363.476,2.7339553483974713e-08,3h 49m,145d 13h ago,2026-03-26T16:48:52Z,https://wandb.ai/jchud-stanford-university/hernandez-replication/runs/cx6zg36k
atomic-sweep-15,finished,urnekydr,"48M nr=[1,3,13,51,193,719,2682,10000]",48M,repeated,2682,10%,bot,1,4.448464870452881,3.9739,4.882934521784145,3105,1,962747593,35896.62912005966,78558.542,1.2565357780177128e-08,3h 49m,145d 13h ago,2026-03-26T16:49:06Z,https://wandb.ai/jchud-stanford-university/hernandez-replication/runs/cjsir07k
ethereal-sweep-16,finished,urnekydr,"48M nr=[1,3,13,51,193,719,2682,10000]",48M,repeated,10000,10%,bot,1,4.413776397705078,3.9545,4.8006881911072865,3095,1,968912899,9689.128990000001,78449.532,1.5491349044516254e-07,3h 50m,145d 13h ago,2026-03-26T16:49:35Z,https://wandb.ai/jchud-stanford-university/hernandez-replication/runs/130tmu9k
dazzling-sweep-9,finished,3p1olv16,"63M nr=[1,3,13,51,193,719,2682,10000]",63M,non-repeated,1,10%,bot,1,4.047112941741943,4.0453,4.812060565144242,3842,1,1257466794,125746679.4,64155.946,7.656909331686406e-08,5h 47m,145d 11h ago,2026-03-26T17:03:54Z,https://wandb.ai/jchud-stanford-university/hernandez-replication/runs/iap9hbx7
stellar-sweep-10,finished,3p1olv16,"63M nr=[1,3,13,51,193,719,2682,10000]",63M,repeated,3,10%,bot,1,4.048536777496338,4.0384,4.811410339323688,3841,1,1257458174,41915272.46666667,64120.599,6.834241976639824e-08,5h 47m,145d 11h ago,2026-03-26T17:04:23Z,https://wandb.ai/jchud-stanford-university/hernandez-replication/runs/uouf7uv2
crimson-sweep-11,finished,3p1olv16,"63M nr=[1,3,13,51,193,719,2682,10000]",63M,repeated,13,10%,bot,1,4.054233551025391,4.0426,4.808987244272555,3838,1,1257462360,9672787.384615384,64189.451,4.641066190141991e-08,5h 49m,145d 11h ago,2026-03-26T17:18:29Z,https://wandb.ai/jchud-stanford-university/hernandez-replication/runs/e2766pbq
eager-sweep-12,finished,3p1olv16,"63M nr=[1,3,13,51,193,719,2682,10000]",63M,repeated,51,10%,bot,1,4.0680036544799805,4.017,4.796970036625862,3840,1,1257479388,2465645.8588235294,64143.74,6.053878815970267e-08,5h 48m,145d 11h ago,2026-03-26T17:19:18Z,https://wandb.ai/jchud-stanford-university/hernandez-replication/runs/rse650n3
clear-sweep-13,finished,3p1olv16,"63M nr=[1,3,13,51,193,719,2682,10000]",63M,repeated,193,10%,bot,1,4.1474714279174805,3.8508,4.710699407612375,3830,1,1257557449,651584.1704663213,64144.581,8.557944767152962e-09,5h 48m,145d 5h ago,2026-03-26T22:51:39Z,https://wandb.ai/jchud-stanford-university/hernandez-replication/runs/hf7sbu5x
visionary-sweep-14,finished,3p1olv16,"63M nr=[1,3,13,51,193,719,2682,10000]",63M,repeated,719,10%,bot,1,4.171223163604736,3.7557,4.610010941158278,3824,1,1258476519,175031.50472879,64095.749,1.4905380803467628e-07,5h 48m,145d 5h ago,2026-03-26T22:51:47Z,https://wandb.ai/jchud-stanford-university/hernandez-replication/runs/79chky7k
divine-sweep-15,finished,3p1olv16,"63M nr=[1,3,13,51,193,719,2682,10000]",63M,repeated,2682,10%,bot,1,4.129739284515381,3.7006,4.536702097173145,3773,1,1260140548,46985.10618941089,64177.711,1.411260850558854e-07,5h 48m,145d 5h ago,2026-03-26T23:08:19Z,https://wandb.ai/jchud-stanford-university/hernandez-replication/runs/t9f1lrnd
eternal-sweep-16,finished,3p1olv16,"63M nr=[1,3,13,51,193,719,2682,10000]",63M,repeated,10000,10%,bot,1,4.095205307006836,3.6651,4.478889679845511,3770,1,1261264295,12612.64295,64290.307,1.081943215271011e-07,5h 48m,145d 5h ago,2026-03-26T23:08:23Z,https://wandb.ai/jchud-stanford-university/hernandez-replication/runs/ez4ust4w
copper-sweep-1,finished,9w4r4pk8,"153M nr=[1,3,13,51,193,719,2682,10000]",153M,non-repeated,1,10%,top,1,3.325129508972168,3.327,3.913339628914919,7604,1,3062192244,306219224.40000004,67954.259,1.6957933891118187e-09,13h 31m,144d 14h ago,2026-03-27T06:18:17Z,https://wandb.ai/jchud-stanford-university/hernandez-replication/runs/fxu2u3yp
fragrant-sweep-3,finished,9w4r4pk8,"153M nr=[1,3,13,51,193,719,2682,10000]",153M,repeated,13,10%,top,1,3.3316538333892822,3.3188,3.908447611571832,7603,1,3062198334,23555371.800000004,67885.496,1.0856649071788371e-09,13h 29m,144d 14h ago,2026-03-27T06:21:13Z,https://wandb.ai/jchud-stanford-university/hernandez-replication/runs/gv4p1x8n
rural-sweep-4,finished,9w4r4pk8,"153M nr=[1,3,13,51,193,719,2682,10000]",153M,repeated,51,10%,top,1,3.3590333461761475,3.2694,3.89049873316883,7593,1,3062216072,6004345.239215686,67636.934,2.4559693075582845e-08,12h 59m,144d 13h ago,2026-03-27T08:10:02Z,https://wandb.ai/jchud-stanford-university/hernandez-replication/runs/igthwir5
easy-sweep-5,finished,9w4r4pk8,"153M nr=[1,3,13,51,193,719,2682,10000]",153M,repeated,193,10%,top,1,3.4142229557037354,3.1014,3.750236883396055,7585,1,3062270731,1586668.7725388603,67990.226,8.248250760301468e-09,13h 3m,144d 1h ago,2026-03-27T19:49:56Z,https://wandb.ai/jchud-stanford-university/hernandez-replication/runs/pd594uuh
vibrant-sweep-6,finished,9w4r4pk8,"153M nr=[1,3,13,51,193,719,2682,10000]",153M,repeated,719,10%,top,1,3.3851840496063232,3.0635,3.685006134480746,7569,1,3063279150,426047.1696801113,67961.139,2.738398213424917e-08,13h 3m,144d 1h ago,2026-03-27T19:50:39Z,https://wandb.ai/jchud-stanford-university/hernandez-replication/runs/1uxjpt1j
glorious-sweep-7,finished,9w4r4pk8,"153M nr=[1,3,13,51,193,719,2682,10000]",153M,repeated,2682,10%,top,1,3.3649485111236572,3.0165,3.645933425231677,7588,1,3062486880,114186.68456375839,67958.328,1.3351977522134032e-08,13h 4m,144d 1h ago,2026-03-27T19:53:03Z,https://wandb.ai/jchud-stanford-university/hernandez-replication/runs/fad2wzt3
silver-sweep-8,finished,9w4r4pk8,"153M nr=[1,3,13,51,193,719,2682,10000]",153M,repeated,10000,10%,top,1,3.353066682815552,3.0313,3.617954679925072,7508,1,3063160057,30631.60057,67962.007,5.636147685656537e-09,12h 56m,144d 0h ago,2026-03-27T21:10:02Z,https://wandb.ai/jchud-stanford-university/hernandez-replication/runs/1tnd3lg4
ancient-sweep-9,finished,9w4r4pk8,"153M nr=[1,3,13,51,193,719,2682,10000]",153M,non-repeated,1,10%,bot,1,3.325033664703369,3.3296,3.915532881229951,7606,1,3062191174,306219117.40000004,67992.99,3.3226607395313664e-09,13h 28m,143d 12h ago,2026-03-28T08:53:18Z,https://wandb.ai/jchud-stanford-university/hernandez-replication/runs/9mluoqdg
stilted-sweep-10,finished,9w4r4pk8,"153M nr=[1,3,13,51,193,719,2682,10000]",153M,repeated,3,10%,bot,1,3.3256356716156006,3.3164,3.913483611414566,7606,1,3062191768,102073058.93333334,67953.425,3.3226607395313664e-09,13h 27m,143d 12h ago,2026-03-28T08:54:08Z,https://wandb.ai/jchud-stanford-university/hernandez-replication/runs/r4fzvx9j
robust-sweep-11,finished,9w4r4pk8,"153M nr=[1,3,13,51,193,719,2682,10000]",153M,repeated,13,10%,bot,1,3.330913782119751,3.3115,3.90756755853198,7601,1,3062207092,23555439.169230767,67964.697,2.7159489193379334e-10,13h 23m,143d 12h ago,2026-03-28T08:58:22Z,https://wandb.ai/jchud-stanford-university/hernandez-replication/runs/15ax4347
stellar-sweep-1,finished,jim5yue2,"48M nr=[99,373,1388]",48M,repeated,99,10%,top,1,4.377369403839111,4.307,5.128969533573825,3182,1,960172434,969871.1454545455,78425.758,2.1280336764520947e-08,4h 11m,142d 22h ago,2026-03-29T08:03:13Z,https://wandb.ai/jchud-stanford-university/hernandez-replication/runs/iotljrt5
brisk-sweep-1,finished,z34ww0d7,"63M nr=[99,373,1388]",63M,repeated,99,10%,top,1,4.093019962310791,3.9991,4.78048058311538,3838,1,1257645053,1270348.5383838385,64039.792,4.641066190141991e-08,6h 17m,142d 20h ago,2026-03-29T08:06:13Z,https://wandb.ai/jchud-stanford-university/hernandez-replication/runs/yb4ujxx5
upbeat-sweep-1,finished,jfqo2sol,"93M nr=[99,373,1388]",93M,repeated,99,10%,top,1,3.7406396865844727,3.5715,4.302182672144634,5267,1,1861399911,1880201.9303030306,52901.953,4.2902845557052506e-08,10h 45m,142d 15h ago,2026-03-29T08:09:13Z,https://wandb.ai/jchud-stanford-university/hernandez-replication/runs/zdzblo2m
fluent-sweep-1,finished,k9jgcpem,"153M nr=[99,373,1388]",153M,repeated,99,10%,top,1,3.4093220233917236,3.121,3.819416703537048,7590,1,3062286860,3093219.0505050505,67765.467,1.7427807844123168e-08,13h 33m,142d 12h ago,2026-03-29T08:10:38Z,https://wandb.ai/jchud-stanford-university/hernandez-replication/runs/9ox5oh2y
genial-sweep-1,finished,c3at0nwe,"63M nr=[1,3,13,51,99,373,1388,193,719,2682,10000]",63M,non-repeated,1,10%,top,0.25,4.837678909301758,4.8335,5.816327919534029,1388,1,314352008,31435200.8,52999.229,2.9561535950987624e-07,2h 9m,142d 23h ago,2026-03-29T08:19:16Z,https://wandb.ai/jchud-stanford-university/hernandez-replication/runs/q53ekyxa
classic-sweep-2,finished,uwrm5k1x,"48M nr=[99,373,1388]",48M,repeated,373,10%,top,1,4.483173847198486,4.135,5.02436895544643,3176,1,960370493,257471.98203753354,78575.19,1.3352726756299294e-09,3h 49m,142d 21h ago,2026-03-29T08:42:38Z,https://wandb.ai/jchud-stanford-university/hernandez-replication/runs/hok57d4v
leafy-sweep-3,finished,jim5yue2,"48M nr=[99,373,1388]",48M,repeated,1388,10%,top,1,4.46845817565918,4.0378,4.921138961796801,3173,1,960570490,69205.3667146974,78469.453,1.9256836028553834e-07,3h 42m,142d 21h ago,2026-03-29T08:52:49Z,https://wandb.ai/jchud-stanford-university/hernandez-replication/runs/xjhxmdmn
fast-sweep-2,finished,c3at0nwe,"63M nr=[1,3,13,51,99,373,1388,193,719,2682,10000]",63M,non-repeated,1,10%,top,0.5,4.3597307205200195,4.3618,5.261069824997808,2272,1,628729293,62872929.300000004,57157.913,3.2628603623980716e-07,3h 21m,142d 20h ago,2026-03-29T10:29:41Z,https://wandb.ai/jchud-stanford-university/hernandez-replication/runs/f4zeim6f
upbeat-sweep-4,finished,jim5yue2,"48M nr=[99,373,1388]",48M,repeated,99,10%,bot,1,4.376943111419678,4.3037,5.131847492843791,3176,1,960169381,969868.0616161617,78469.358,1.3352726756299294e-09,3h 49m,142d 18h ago,2026-03-29T12:14:54Z,https://wandb.ai/jchud-stanford-university/hernandez-replication/runs/bxxbcz28
absurd-sweep-5,finished,jim5yue2,"48M nr=[99,373,1388]",48M,repeated,373,10%,bot,1,4.484008312225342,4.1361,5.027587448935915,3161,1,960325904,257460.02788203754,78544.808,4.852638390350677e-08,3h 42m,142d 18h ago,2026-03-29T12:35:14Z,https://wandb.ai/jchud-stanford-university/hernandez-replication/runs/k7yoqwt5
unique-sweep-4,finished,uwrm5k1x,"48M nr=[99,373,1388]",48M,repeated,99,10%,bot,1,4.377164363861084,4.3039,5.132458303827483,3176,1,960169381,969868.0616161617,78561.338,1.3352726756299294e-09,3h 40m,142d 18h ago,2026-03-29T12:36:14Z,https://wandb.ai/jchud-stanford-university/hernandez-replication/runs/c2fl8ns9
visionary-sweep-3,finished,c3at0nwe,"63M nr=[1,3,13,51,99,373,1388,193,719,2682,10000]",63M,non-repeated,1,10%,top,2,3.8362152576446538,3.828,4.470691570395358,6662,1,2514912505,251491250.5,65698.72,1.4553748276024714e-08,11h 2m,142d 9h ago,2026-03-29T13:51:34Z,https://wandb.ai/jchud-stanford-university/hernandez-replication/runs/wjeeeld6
chocolate-sweep-2,finished,z34ww0d7,"63M nr=[99,373,1388]",63M,repeated,373,10%,top,1,4.166507720947266,3.7726,4.644115192954302,3829,1,1257494403,337129.8667560322,64220.025,5.946904075803189e-09,5h 46m,142d 14h ago,2026-03-29T14:24:18Z,https://wandb.ai/jchud-stanford-university/hernandez-replication/runs/djfb274g
worldly-sweep-6,finished,jim5yue2,"48M nr=[99,373,1388]",48M,repeated,1388,10%,bot,1,4.469069957733154,4.0033,4.928877935589255,3131,1,960673026,69212.75403458213,78696.393,1.6830703325826256e-08,3h 41m,142d 14h ago,2026-03-29T16:04:32Z,https://wandb.ai/jchud-stanford-university/hernandez-replication/runs/dakq46d5
comfy-sweep-5,finished,uwrm5k1x,"48M nr=[99,373,1388]",48M,repeated,373,10%,bot,1,4.484804153442383,4.1369,5.02844427024892,3161,1,960325904,257460.02788203754,78568.424,4.852638390350677e-08,3h 38m,142d 14h ago,2026-03-29T16:16:57Z,https://wandb.ai/jchud-stanford-university/hernandez-replication/runs/zrqpo0ej
golden-sweep-2,finished,jfqo2sol,"93M nr=[99,373,1388]",93M,repeated,373,10%,top,1,3.7702746391296382,3.3879,4.157909592558742,5265,1,1862083212,499218.01930294913,52901.157,3.3914749396933885e-08,10h 9m,142d 5h ago,2026-03-29T18:54:57Z,https://wandb.ai/jchud-stanford-university/hernandez-replication/runs/e8ej9a6v
colorful-sweep-6,finished,uwrm5k1x,"48M nr=[99,373,1388]",48M,repeated,1388,10%,bot,1,4.469035625457764,4.0033,4.9284789957432125,3131,1,960673026,69212.75403458213,78610.354,1.6830703325826256e-08,3h 38m,142d 10h ago,2026-03-29T19:55:51Z,https://wandb.ai/jchud-stanford-university/hernandez-replication/runs/drrtmb3a
dulcet-sweep-3,finished,z34ww0d7,"63M nr=[99,373,1388]",63M,repeated,1388,10%,top,1,4.145601749420166,3.7425,4.569074105182266,3827,1,1258084952,90640.12622478386,64218.179,2.1436870146755455e-09,5h 46m,142d 8h ago,2026-03-29T20:10:59Z,https://wandb.ai/jchud-stanford-university/hernandez-replication/runs/isxr0dbc
light-sweep-2,finished,k9jgcpem,"153M nr=[99,373,1388]",153M,repeated,373,10%,top,1,3.4037485122680664,3.0647,3.7133522650420856,7608,1,3062201669,820965.5949061663,67685.937,5.488948362579308e-09,12h 57m,141d 23h ago,2026-03-29T21:44:50Z,https://wandb.ai/jchud-stanford-university/hernandez-replication/runs/pf6lo9hj
stoic-sweep-4,finished,c3at0nwe,"63M nr=[1,3,13,51,99,373,1388,193,719,2682,10000]",63M,repeated,3,10%,top,0.25,4.832803726196289,4.8316,5.810311600522968,1388,1,314370522,10479017.4,53103.148,2.9561535950987624e-07,1h 57m,142d 7h ago,2026-03-30T00:54:47Z,https://wandb.ai/jchud-stanford-university/hernandez-replication/runs/v0msb6bu
still-sweep-4,finished,z34ww0d7,"63M nr=[99,373,1388]",63M,repeated,99,10%,bot,1,4.0913496017456055,3.9958,4.782015898154992,3837,1,1257488207,1270190.108080808,64144.853,4.00435330821432e-08,5h 48m,142d 2h ago,2026-03-30T01:57:44Z,https://wandb.ai/jchud-stanford-university/hernandez-replication/runs/w14ecf62
splendid-sweep-5,finished,c3at0nwe,"63M nr=[1,3,13,51,99,373,1388,193,719,2682,10000]",63M,repeated,3,10%,top,0.5,4.361789703369141,4.3694,5.259796851429841,2271,1,628726647,20957554.900000002,57164.532,2.988623141755091e-07,3h 21m,142d 4h ago,2026-03-30T02:52:15Z,https://wandb.ai/jchud-stanford-university/hernandez-replication/runs/ekoco3c9
astral-sweep-1,finished,yku2we57,"34M nr=[1,3,13,51,193,719,2682,10000]",34M,non-repeated,1,10%,top,1,4.849076271057129,4.87,5.711492345857214,2461,1,681224793,68122479.3,49921.079,2.1257735047451332e-09,4h 7m,125d 13h ago,2026-04-15T17:11:10Z,https://wandb.ai/jchud-stanford-university/hernandez-replication/runs/gwm87q8b
upbeat-sweep-1,finished,vay2tt1a,"344M nr=[10,50,100]",344M,repeated,10,10%,top,1,2.941204309463501,2.9248,3.389674606546487,13670,1,6880467316,68804673.16,44648.123,1.0299069221014258e-08,43h 24m,123d 21h ago,2026-04-15T17:28:32Z,https://wandb.ai/jchud-stanford-university/hernandez-replication/runs/ehxxxahe
dauntless-sweep-2,finished,yku2we57,"34M nr=[1,3,13,51,193,719,2682,10000]",34M,repeated,3,10%,top,1,4.850262641906738,4.8394,5.711533142850923,2461,1,681222989,22707432.96666667,49994.367,2.1257735047451332e-09,4h 2m,125d 9h ago,2026-04-15T21:19:03Z,https://wandb.ai/jchud-stanford-university/hernandez-replication/runs/et2u4bjf
snowy-sweep-3,finished,5jpg3f4i,"63M nr=[1,3,13,51,99,373,1388,193,719,2682,10000]",63M,repeated,3,10%,top,0.5,4.366734504699707,4.3739,5.263346505343573,2271,1,628726647,20957554.900000002,54087.84,2.988623141755091e-07,3h 30m,125d 7h ago,2026-04-15T22:56:41Z,https://wandb.ai/jchud-stanford-university/hernandez-replication/runs/9phk06vc
denim-sweep-3,finished,yku2we57,"34M nr=[1,3,13,51,193,719,2682,10000]",34M,repeated,13,10%,top,1,4.851712226867676,4.8592,5.708286526050808,2457,1,681226976,5240207.507692308,49917.99,3.411587383115057e-08,4h 1m,125d 5h ago,2026-04-16T01:21:24Z,https://wandb.ai/jchud-stanford-university/hernandez-replication/runs/bfw0t4bi
worthy-sweep-4,finished,5jpg3f4i,"63M nr=[1,3,13,51,99,373,1388,193,719,2682,10000]",63M,repeated,3,10%,top,2,3.835869312286377,3.8268,4.470335451628274,6662,1,2514940513,83831350.43333334,62031.706,1.4553748276024714e-08,11h 37m,124d 20h ago,2026-04-16T02:27:41Z,https://wandb.ai/jchud-stanford-university/hernandez-replication/runs/xwtuic79
woven-sweep-4,finished,yku2we57,"34M nr=[1,3,13,51,193,719,2682,10000]",34M,repeated,51,10%,top,1,4.865780830383301,4.8402,5.701480376992241,2456,1,681228454,1335742.066666667,49976.161,2.6146654680120947e-08,4h 1m,125d 0h ago,2026-04-16T05:23:39Z,https://wandb.ai/jchud-stanford-university/hernandez-replication/runs/o4senftr
whole-sweep-5,finished,yku2we57,"34M nr=[1,3,13,51,193,719,2682,10000]",34M,repeated,193,10%,top,1,4.950281620025635,4.8164,5.687140657190691,2451,1,681349975,353031.07512953365,50036.918,2.1431621577493602e-09,4h 1m,124d 20h ago,2026-04-16T09:25:53Z,https://wandb.ai/jchud-stanford-university/hernandez-replication/runs/73gzeu3c
graceful-sweep-6,finished,yku2we57,"34M nr=[1,3,13,51,193,719,2682,10000]",34M,repeated,719,10%,top,1,5.010384559631348,4.6626,5.566483802016901,2450,1,681353575,94764.05771905424,50053.221,5.357908835804884e-10,4h 1m,124d 16h ago,2026-04-16T13:28:01Z,https://wandb.ai/jchud-stanford-university/hernandez-replication/runs/aakp9qg7
copper-sweep-5,finished,5jpg3f4i,"63M nr=[1,3,13,51,99,373,1388,193,719,2682,10000]",63M,repeated,13,10%,top,0.5,4.3680524826049805,4.3583,5.258728225815654,2268,1,628727607,4836366.207692308,54148.82,2.234103836737449e-07,3h 30m,124d 16h ago,2026-04-16T14:05:15Z,https://wandb.ai/jchud-stanford-university/hernandez-replication/runs/mrug7pu6
distinctive-sweep-7,finished,yku2we57,"34M nr=[1,3,13,51,193,719,2682,10000]",34M,repeated,2682,10%,top,1,4.991473197937012,4.4647,5.43426826708814,2436,1,683397584,25480.894258016408,49976.952,2.6577927851580553e-08,4h 2m,124d 12h ago,2026-04-16T17:30:15Z,https://wandb.ai/jchud-stanford-university/hernandez-replication/runs/puuasnph
eager-sweep-6,finished,5jpg3f4i,"63M nr=[1,3,13,51,99,373,1388,193,719,2682,10000]",63M,repeated,13,10%,top,2,3.841660499572754,3.8293,4.469620409670535,6660,1,2514944093,19345723.792307694,61981.714,1.0424065606507113e-08,11h 37m,124d 5h ago,2026-04-16T17:36:15Z,https://wandb.ai/jchud-stanford-university/hernandez-replication/runs/m7u4y7ym
hardy-sweep-8,finished,yku2we57,"34M nr=[1,3,13,51,193,719,2682,10000]",34M,repeated,10000,10%,top,1,4.939707279205322,4.4117,5.308735699071736,2442,1,690514974,6905.149740000001,50391.495,4.856738668573837e-09,4h 3m,124d 8h ago,2026-04-16T21:33:11Z,https://wandb.ai/jchud-stanford-university/hernandez-replication/runs/opzbzhu9
winter-sweep-9,finished,yku2we57,"34M nr=[1,3,13,51,193,719,2682,10000]",34M,non-repeated,1,10%,bot,1,4.848618507385254,4.8481,5.710889493871733,2461,1,681214476,68121447.60000001,49998.488,2.1257735047451332e-09,4h 1m,124d 4h ago,2026-04-17T01:37:06Z,https://wandb.ai/jchud-stanford-university/hernandez-replication/runs/cz3dgz3y
floral-sweep-7,finished,5jpg3f4i,"63M nr=[1,3,13,51,99,373,1388,193,719,2682,10000]",63M,repeated,51,10%,top,0.5,4.387396812438965,4.3331,5.244202040448082,2267,1,628750813,1232844.7313725492,54110.923,2.007354599965567e-07,3h 30m,124d 1h ago,2026-04-17T05:16:07Z,https://wandb.ai/jchud-stanford-university/hernandez-replication/runs/z2x7ez4t
elated-sweep-10,finished,yku2we57,"34M nr=[1,3,13,51,193,719,2682,10000]",34M,repeated,3,10%,bot,1,4.845589637756348,4.8361,5.707500873348577,2460,1,681221353,22707378.433333334,49907.531,5.314437147494204e-10,4h 2m,124d 0h ago,2026-04-17T05:39:20Z,https://wandb.ai/jchud-stanford-university/hernandez-replication/runs/8032gt9m
glad-sweep-8,finished,5jpg3f4i,"63M nr=[1,3,13,51,99,373,1388,193,719,2682,10000]",63M,repeated,51,10%,top,2,3.853981256484986,3.8226,4.462309136392838,6649,1,2514946366,4931267.384313726,61933.686,5.4024886907293266e-08,11h 37m,123d 13h ago,2026-04-17T08:47:22Z,https://wandb.ai/jchud-stanford-university/hernandez-replication/runs/9jdipcjv
silver-sweep-11,finished,yku2we57,"34M nr=[1,3,13,51,193,719,2682,10000]",34M,repeated,13,10%,bot,1,4.851741790771484,4.832,5.706394581678437,2460,1,681212101,5240093.084615385,50041.917,5.314437147494204e-10,4h 1m,123d 20h ago,2026-04-17T09:42:14Z,https://wandb.ai/jchud-stanford-university/hernandez-replication/runs/5xnyfiak
desert-sweep-2,finished,vay2tt1a,"344M nr=[10,50,100]",344M,repeated,10,10%,top,1,2.941383600234986,2.9198,3.3893140508803175,13665,1,6880452906,68804529.06,44657.031,5.982981527886511e-09,43h 22m,122d 2h ago,2026-04-17T12:53:10Z,https://wandb.ai/jchud-stanford-university/hernandez-replication/runs/bxzuaxd6
deep-sweep-12,finished,yku2we57,"34M nr=[1,3,13,51,193,719,2682,10000]",34M,repeated,51,10%,bot,1,4.868688583374023,4.8606,5.70396276334437,2460,1,681302050,1335886.3725490195,50050.728,5.314437147494204e-10,4h 1m,123d 16h ago,2026-04-17T13:44:26Z,https://wandb.ai/jchud-stanford-university/hernandez-replication/runs/8cua7fat
icy-sweep-13,finished,yku2we57,"34M nr=[1,3,13,51,193,719,2682,10000]",34M,repeated,193,10%,bot,1,4.944451332092285,4.8064,5.685730945077907,2442,1,681448574,353082.1626943005,49981.856,4.856738668573837e-09,4h 2m,123d 12h ago,2026-04-17T17:46:35Z,https://wandb.ai/jchud-stanford-university/hernandez-replication/runs/rcut6tf7
pretty-sweep-9,finished,5jpg3f4i,"63M nr=[1,3,13,51,99,373,1388,193,719,2682,10000]",63M,repeated,99,10%,top,0.5,4.414314270019531,4.2967,5.223793742624134,2269,1,628766482,635117.6585858586,54114.108,2.472710453513828e-07,3h 30m,123d 10h ago,2026-04-17T20:25:42Z,https://wandb.ai/jchud-stanford-university/hernandez-replication/runs/hh65kihp
swift-sweep-14,finished,yku2we57,"34M nr=[1,3,13,51,193,719,2682,10000]",34M,repeated,719,10%,bot,1,5.015100955963135,4.6429,5.5691233226676395,2448,1,681720620,94815.10709318498,49912.443,4.34870204558707e-08,4h 2m,123d 8h ago,2026-04-17T21:48:59Z,https://wandb.ai/jchud-stanford-university/hernandez-replication/runs/ljeccd90
autumn-sweep-10,finished,5jpg3f4i,"63M nr=[1,3,13,51,99,373,1388,193,719,2682,10000]",63M,repeated,99,10%,top,2,3.8697495460510254,3.7905,4.450926388618641,6650,1,2514934840,2540338.222222222,61953.154,8.640889342432629e-11,11h 38m,122d 22h ago,2026-04-17T23:56:42Z,https://wandb.ai/jchud-stanford-university/hernandez-replication/runs/elgy38vk
cool-sweep-15,finished,yku2we57,"34M nr=[1,3,13,51,193,719,2682,10000]",34M,repeated,2682,10%,bot,1,4.983752250671387,4.5149,5.451578625447557,2398,1,681717191,25418.23978374348,52370.853,4.531974983507261e-08,3h 51m,123d 4h ago,2026-04-18T01:51:27Z,https://wandb.ai/jchud-stanford-university/hernandez-replication/runs/5hd3nuow
wandering-sweep-16,finished,yku2we57,"34M nr=[1,3,13,51,193,719,2682,10000]",34M,repeated,10000,10%,bot,1,4.958309650421143,4.3152,5.298677848999226,2414,1,696099458,6960.99458,50581.179,1.3800048788867706e-08,4h 4m,123d 0h ago,2026-04-18T05:43:24Z,https://wandb.ai/jchud-stanford-university/hernandez-replication/runs/0rimptem
light-sweep-11,finished,5jpg3f4i,"63M nr=[1,3,13,51,99,373,1388,193,719,2682,10000]",63M,repeated,373,10%,top,0.5,4.498471736907959,4.1322,5.104741475099384,2262,1,628828721,168586.78847184987,54189.278,1.051722170648789e-07,3h 30m,122d 19h ago,2026-04-18T11:35:25Z,https://wandb.ai/jchud-stanford-university/hernandez-replication/runs/gh1jsgz3
happy-sweep-12,finished,5jpg3f4i,"63M nr=[1,3,13,51,99,373,1388,193,719,2682,10000]",63M,repeated,373,10%,top,2,3.9606096744537354,3.5917,4.313023950387766,6660,1,2514954202,674250.4563002682,61978.182,1.0424065606507113e-08,11h 37m,122d 7h ago,2026-04-18T15:06:29Z,https://wandb.ai/jchud-stanford-university/hernandez-replication/runs/yjv28bli
whole-sweep-13,finished,5jpg3f4i,"63M nr=[1,3,13,51,99,373,1388,193,719,2682,10000]",63M,repeated,1388,10%,top,0.5,4.474590301513672,4.0249,5.006610559334887,2269,1,629277354,45336.98515850145,53979.838,2.472710453513828e-07,3h 31m,122d 4h ago,2026-04-19T02:44:44Z,https://wandb.ai/jchud-stanford-university/hernandez-replication/runs/xcqwdeqc
drawn-sweep-14,finished,5jpg3f4i,"63M nr=[1,3,13,51,99,373,1388,193,719,2682,10000]",63M,repeated,1388,10%,top,2,3.936857223510742,3.5353,4.24264134208493,6638,1,2515123617,181204.87154178676,61813.277,1.6999896089794012e-08,11h 39m,121d 16h ago,2026-04-19T06:16:30Z,https://wandb.ai/jchud-stanford-university/hernandez-replication/runs/pb3n8z8b
chocolate-sweep-3,finished,vay2tt1a,"344M nr=[10,50,100]",344M,repeated,50,10%,top,1,2.983209133148194,2.8536,3.3520264383326372,13662,1,6880488201,13760976.402,44615.582,3.951873689672968e-09,43h 24m,120d 6h ago,2026-04-19T08:15:53Z,https://wandb.ai/jchud-stanford-university/hernandez-replication/runs/gvzd63gn
lucky-sweep-15,finished,5jpg3f4i,"63M nr=[1,3,13,51,99,373,1388,193,719,2682,10000]",63M,repeated,193,10%,top,0.5,4.468953609466553,4.1586,5.166217991065726,2263,1,628767102,325786.0632124352,53976.56,1.218393171575111e-07,3h 31m,121d 12h ago,2026-04-19T17:56:28Z,https://wandb.ai/jchud-stanford-university/hernandez-replication/runs/7mrr1653
vague-sweep-16,finished,5jpg3f4i,"63M nr=[1,3,13,51,99,373,1388,193,719,2682,10000]",63M,repeated,193,10%,top,2,3.92983603477478,3.6833,4.393361702958175,6647,1,2515013878,1303115.9989637306,61859.175,4.576119827887721e-08,11h 44m,121d 1h ago,2026-04-19T21:28:20Z,https://wandb.ai/jchud-stanford-university/hernandez-replication/runs/rq6dvm83
deep-sweep-17,finished,5jpg3f4i,"63M nr=[1,3,13,51,99,373,1388,193,719,2682,10000]",63M,repeated,719,10%,top,0.5,4.494321823120117,4.074,5.055023353782677,2259,1,629134409,87501.30862308764,54182.55,6.237099327004985e-08,3h 30m,120d 21h ago,2026-04-20T09:12:42Z,https://wandb.ai/jchud-stanford-university/hernandez-replication/runs/4890ar44
denim-sweep-18,finished,5jpg3f4i,"63M nr=[1,3,13,51,99,373,1388,193,719,2682,10000]",63M,repeated,719,10%,top,2,3.955972671508789,3.5652,4.2737716909484496,6632,1,2515373701,349843.3520166899,61924.779,5.56147649155143e-09,11h 38m,120d 10h ago,2026-04-20T12:43:51Z,https://wandb.ai/jchud-stanford-university/hernandez-replication/runs/v7m92alx
grateful-sweep-19,finished,5jpg3f4i,"63M nr=[1,3,13,51,99,373,1388,193,719,2682,10000]",63M,repeated,2682,10%,top,0.5,4.444948673248291,4.0007,4.945942745632595,2250,1,631837663,23558.451267710665,54298.164,6.285861160241526e-10,3h 38m,120d 6h ago,2026-04-21T00:23:10Z,https://wandb.ai/jchud-stanford-university/hernandez-replication/runs/kp3byycq
whole-sweep-20,finished,5jpg3f4i,"63M nr=[1,3,13,51,99,373,1388,193,719,2682,10000]",63M,repeated,2682,10%,top,2,3.915147304534912,3.5366,4.20708391328072,6638,1,2517996279,93885.02158836689,35538.742,1.6999896089794012e-08,20h 6m,119d 10h ago,2026-04-21T04:02:17Z,https://wandb.ai/jchud-stanford-university/hernandez-replication/runs/vrjrce7n
peachy-sweep-1,finished,wpc5vq1v,"34M nr=[99,373,1388]",34M,repeated,99,10%,top,1,4.889636516571045,4.8327,5.69875941547921,2460,1,681270753,688152.2757575758,49727.207,5.314437147494204e-10,4h 1m,119d 11h ago,2026-04-21T18:46:40Z,https://wandb.ai/jchud-stanford-university/hernandez-replication/runs/x0fnaxeg
mirror_ck5hfu0t,finished,5yhhx8ng,"344M nr=[99,373,719,2682]",344M,repeated,373,10%,top,1,,,,,,,,,,N/A,N/A,2026-04-21T22:15:15Z,https://wandb.ai/jchud-stanford-university/hernandez-replication/runs/mirror_ck5hfu0t
mirror_3fuj05hs,finished,tjuapg88,"344M nr=[10,50,100]",344M,repeated,100,10%,top,1,3.0104031562805176,2.7225,3.2645402278030824,13669,1,6880558418,6880558.4180000005,78779.301,9.343270653398984e-09,N/A,N/A,2026-04-21T22:16:00Z,https://wandb.ai/jchud-stanford-university/hernandez-replication/runs/mirror_3fuj05hs
mirror_1i3xaz9q,finished,tjuapg88,"344M nr=[10,50,100]",344M,repeated,50,10%,bot,1,2.9825592041015625,2.8575,3.353892050138972,13669,1,6880466522,13760933.044000002,78723.566,9.343270653398984e-09,N/A,N/A,2026-04-21T22:19:12Z,https://wandb.ai/jchud-stanford-university/hernandez-replication/runs/mirror_1i3xaz9q
mirror_6l31vjc4,finished,tjuapg88,"344M nr=[10,50,100]",344M,repeated,100,10%,bot,1,3.0101466178894043,2.7157,3.264545040696325,13655,1,6880525717,6880525.717,78227.864,8.425908097887406e-10,N/A,N/A,2026-04-21T22:21:20Z,https://wandb.ai/jchud-stanford-university/hernandez-replication/runs/mirror_6l31vjc4
mirror_wcijp24m,finished,5yhhx8ng,"344M nr=[99,373,719,2682]",344M,repeated,99,10%,top,1,,,,,,,,,,N/A,N/A,2026-04-21T22:22:38Z,https://wandb.ai/jchud-stanford-university/hernandez-replication/runs/mirror_wcijp24m
driven-sweep-2,finished,wpc5vq1v,"34M nr=[99,373,1388]",34M,repeated,373,10%,top,1,5.0004496574401855,4.716,5.626846848995392,2454,1,681874604,182808.20482573728,49878.014,1.3353793238534328e-08,4h 0m,119d 7h ago,2026-04-21T22:50:41Z,https://wandb.ai/jchud-stanford-university/hernandez-replication/runs/q6og2tro
curious-sweep-21,finished,5jpg3f4i,"63M nr=[1,3,13,51,99,373,1388,193,719,2682,10000]",63M,repeated,10000,10%,top,0.5,4.418208599090576,3.8709,4.825927898917399,2272,1,643282580,6432.8258,54415.03,3.2628603623980716e-07,3h 34m,119d 6h ago,2026-04-22T00:09:22Z,https://wandb.ai/jchud-stanford-university/hernandez-replication/runs/7518i96k
mirror_gj9r8wsu,finished,5yhhx8ng,"344M nr=[99,373,719,2682]",344M,repeated,719,10%,top,1,,,,,,,,,,N/A,N/A,2026-04-22T00:58:47Z,https://wandb.ai/jchud-stanford-university/hernandez-replication/runs/mirror_gj9r8wsu
mirror_h5fb6w6r,finished,5yhhx8ng,"344M nr=[99,373,719,2682]",344M,repeated,2682,10%,top,1,,,,,,,,,,N/A,N/A,2026-04-22T02:42:22Z,https://wandb.ai/jchud-stanford-university/hernandez-replication/runs/mirror_h5fb6w6r
blooming-sweep-3,finished,wpc5vq1v,"34M nr=[99,373,1388]",34M,repeated,1388,10%,top,1,5.004497528076172,4.537,5.490290462196647,2464,1,682968548,49205.226801152734,49956.034,1.3245611627888732e-08,4h 0m,119d 3h ago,2026-04-22T02:52:01Z,https://wandb.ai/jchud-stanford-university/hernandez-replication/runs/mabe87vi
worldly-sweep-22,finished,5jpg3f4i,"63M nr=[1,3,13,51,99,373,1388,193,719,2682,10000]",63M,repeated,10000,10%,top,2,3.8831944465637207,3.4782,4.1459935933893375,6600,1,2525582552,25255.825520000002,63221.027,8.772307819002373e-11,11h 41m,118d 19h ago,2026-04-22T03:43:43Z,https://wandb.ai/jchud-stanford-university/hernandez-replication/runs/vg3y1ay7
chocolate-sweep-1,finished,wnj1nf6w,"48M nr=[1,193,10000]",48M,non-repeated,1,10%,top,4,3.917067050933838,3.921,4.490009532255285,8976,1,3840367500,384036750.0,82628.649,2.00659878891904e-10,13h 26m,118d 13h ago,2026-04-22T07:06:19Z,https://wandb.ai/jchud-stanford-university/hernandez-replication/runs/spplmlg9
mirror_bfcvkfbs,finished,5yhhx8ng,"344M nr=[99,373,719,2682]",344M,repeated,99,10%,bot,1,,,,,,,,,,N/A,N/A,2026-04-22T07:17:58Z,https://wandb.ai/jchud-stanford-university/hernandez-replication/runs/mirror_bfcvkfbs
mirror_nchpjm8y,finished,5yhhx8ng,"344M nr=[99,373,719,2682]",344M,repeated,373,10%,bot,1,,,,,,,,,,N/A,N/A,2026-04-22T07:54:15Z,https://wandb.ai/jchud-stanford-university/hernandez-replication/runs/mirror_nchpjm8y
mirror_7gxf2tl2,finished,5yhhx8ng,"344M nr=[99,373,719,2682]",344M,repeated,719,10%,bot,1,,,,,,,,,,N/A,N/A,2026-04-22T10:28:38Z,https://wandb.ai/jchud-stanford-university/hernandez-replication/runs/mirror_7gxf2tl2
mirror_eqr3simu,finished,5yhhx8ng,"344M nr=[99,373,719,2682]",344M,repeated,2682,10%,bot,1,,,,,,,,,,N/A,N/A,2026-04-22T13:06:41Z,https://wandb.ai/jchud-stanford-university/hernandez-replication/runs/mirror_eqr3simu
mirror_64li574y,finished,7mwuah6x,"63M nr=[1,193,2682]",63M,non-repeated,1,10%,top,0.25,,,,,,,,,,N/A,N/A,2026-04-22T14:02:26Z,https://wandb.ai/jchud-stanford-university/hernandez-replication/runs/mirror_64li574y
mirror_dd88y34f,finished,7kq74ia8,"63M nr=[1,193,2682]",63M,non-repeated,1,10%,top,0.25,,,,,,,,,,N/A,N/A,2026-04-22T14:39:56Z,https://wandb.ai/jchud-stanford-university/hernandez-replication/runs/mirror_dd88y34f
sweet-sweep-23,finished,5jpg3f4i,"63M nr=[1,3,13,51,99,373,1388,193,719,2682,10000]",63M,non-repeated,1,10%,bot,0.5,4.363868236541748,4.3618,5.262268136924421,2272,1,628730551,62873055.1,54018.146,3.2628603623980716e-07,3h 30m,118d 15h ago,2026-04-22T15:25:37Z,https://wandb.ai/jchud-stanford-university/hernandez-replication/runs/l564l5sc
mirror_6gdk8on2,finished,7mwuah6x,"63M nr=[1,193,2682]",63M,repeated,193,10%,top,0.25,,,,,,,,,,N/A,N/A,2026-04-22T17:10:30Z,https://wandb.ai/jchud-stanford-university/hernandez-replication/runs/mirror_6gdk8on2
mirror_su2uugkp,finished,7kq74ia8,"63M nr=[1,193,2682]",63M,repeated,193,10%,top,0.25,,,,,,,,,,N/A,N/A,2026-04-22T17:10:50Z,https://wandb.ai/jchud-stanford-university/hernandez-replication/runs/mirror_su2uugkp
mirror_1awq4d7l,finished,7kq74ia8,"63M nr=[1,193,2682]",63M,repeated,2682,10%,top,0.25,,,,,,,,,,N/A,N/A,2026-04-22T17:27:22Z,https://wandb.ai/jchud-stanford-university/hernandez-replication/runs/mirror_1awq4d7l
mirror_eibgsxdj,finished,7mwuah6x,"63M nr=[1,193,2682]",63M,repeated,193,10%,bot,0.25,,,,,,,,,,N/A,N/A,2026-04-22T17:27:32Z,https://wandb.ai/jchud-stanford-university/hernandez-replication/runs/mirror_eibgsxdj
mirror_ccd6uz6b,finished,7mwuah6x,"63M nr=[1,193,2682]",63M,repeated,2682,10%,bot,0.25,,,,,,,,,,N/A,N/A,2026-04-22T18:01:10Z,https://wandb.ai/jchud-stanford-university/hernandez-replication/runs/mirror_ccd6uz6b
mirror_eadfy4ht,finished,7kq74ia8,"63M nr=[1,193,2682]",63M,non-repeated,1,10%,bot,0.25,,,,,,,,,,N/A,N/A,2026-04-22T18:01:19Z,https://wandb.ai/jchud-stanford-university/hernandez-replication/runs/mirror_eadfy4ht
woven-sweep-2,finished,jj1atmhk,"48M nr=[193,10000]",48M,repeated,10000,10%,top,4,3.9765384197235103,3.5691,4.183863426612109,8941,1,3848021804,38480.21804000001,81135.118,1.4611347971552476e-08,13h 30m,118d 1h ago,2026-04-22T19:27:42Z,https://wandb.ai/jchud-stanford-university/hernandez-replication/runs/6djyrjgn
mirror_9hth4yvx,finished,7kq74ia8,"63M nr=[1,193,2682]",63M,repeated,193,10%,bot,0.25,,,,,,,,,,N/A,N/A,2026-04-22T20:11:27Z,https://wandb.ai/jchud-stanford-university/hernandez-replication/runs/mirror_9hth4yvx
mirror_1fd4pvhs,finished,7kq74ia8,"63M nr=[1,193,2682]",63M,repeated,2682,10%,bot,0.25,,,,,,,,,,N/A,N/A,2026-04-22T20:27:31Z,https://wandb.ai/jchud-stanford-university/hernandez-replication/runs/mirror_1fd4pvhs
mirror_2gasrolw,finished,cckzeym2,"63M nr=[1,193,2682]",63M,non-repeated,1,10%,top,0.25,,,,,,,,,,N/A,N/A,2026-04-22T20:27:40Z,https://wandb.ai/jchud-stanford-university/hernandez-replication/runs/mirror_2gasrolw
mirror_v7i4do59,finished,cckzeym2,"63M nr=[1,193,2682]",63M,repeated,193,10%,top,0.25,,,,,,,,,,N/A,N/A,2026-04-22T20:27:47Z,https://wandb.ai/jchud-stanford-university/hernandez-replication/runs/mirror_v7i4do59
mirror_iyd8pdsp,finished,cckzeym2,"63M nr=[1,193,2682]",63M,repeated,2682,10%,top,0.25,,,,,,,,,,N/A,N/A,2026-04-22T20:44:22Z,https://wandb.ai/jchud-stanford-university/hernandez-replication/runs/mirror_iyd8pdsp
mirror_c2a7uqw9,finished,cckzeym2,"63M nr=[1,193,2682]",63M,non-repeated,1,10%,bot,0.25,,,,,,,,,,N/A,N/A,2026-04-22T20:44:32Z,https://wandb.ai/jchud-stanford-university/hernandez-replication/runs/mirror_c2a7uqw9
mirror_stv966n3,finished,cckzeym2,"63M nr=[1,193,2682]",63M,repeated,193,10%,bot,0.25,,,,,,,,,,N/A,N/A,2026-04-22T21:01:25Z,https://wandb.ai/jchud-stanford-university/hernandez-replication/runs/mirror_stv966n3
mirror_9jy5mvst,finished,cckzeym2,"63M nr=[1,193,2682]",63M,repeated,2682,10%,bot,0.25,,,,,,,,,,N/A,N/A,2026-04-22T21:01:34Z,https://wandb.ai/jchud-stanford-university/hernandez-replication/runs/mirror_9jy5mvst
mirror_wclnxsuk,finished,cn32q84g,"63M nr=[1,193,2682]",63M,non-repeated,1,10%,top,0.25,,,,,,,,,,N/A,N/A,2026-04-22T21:53:12Z,https://wandb.ai/jchud-stanford-university/hernandez-replication/runs/mirror_wclnxsuk
mirror_u5zvnwk9,finished,qn3vqv8c,"48M nr=[1,13,51,99,193,373,719,1388,2682,10000]",48M,non-repeated,1,10%,top,8,,,,,,,,,,N/A,N/A,2026-04-22T21:53:23Z,https://wandb.ai/jchud-stanford-university/hernandez-replication/runs/mirror_u5zvnwk9
mirror_w2xz4dph,finished,i352egi4,"344M nr=[373,719,2682]",344M,repeated,719,10%,top,1,2.980107545852661,2.6834,3.1837924964944664,12435,1,6880648850,956974.8052851182,188496.487,3.6576864920725026e-08,N/A,N/A,2026-04-22T21:53:36Z,https://wandb.ai/jchud-stanford-university/hernandez-replication/runs/mirror_w2xz4dph
mirror_i0xggq58,finished,qn3vqv8c,"48M nr=[1,13,51,99,193,373,719,1388,2682,10000]",48M,repeated,13,10%,top,8,,,,,,,,,,N/A,N/A,2026-04-22T22:43:42Z,https://wandb.ai/jchud-stanford-university/hernandez-replication/runs/mirror_i0xggq58
mirror_rwl46jgg,finished,cn32q84g,"63M nr=[1,193,2682]",63M,repeated,193,10%,top,0.25,,,,,,,,,,N/A,N/A,2026-04-22T22:43:53Z,https://wandb.ai/jchud-stanford-university/hernandez-replication/runs/mirror_rwl46jgg
mirror_v3ljbseh,finished,qbxjrwsx,"48M nr=[1,13,51,99,193,373,719,1388,2682,10000]",48M,non-repeated,1,10%,top,8,,,,,,,,,,N/A,N/A,2026-04-22T22:44:03Z,https://wandb.ai/jchud-stanford-university/hernandez-replication/runs/mirror_v3ljbseh
mirror_4zzon2ju,finished,cn32q84g,"63M nr=[1,193,2682]",63M,repeated,2682,10%,top,0.25,,,,,,,,,,N/A,N/A,2026-04-22T22:44:14Z,https://wandb.ai/jchud-stanford-university/hernandez-replication/runs/mirror_4zzon2ju
mirror_fa364o0n,finished,qbxjrwsx,"48M nr=[1,13,51,99,193,373,719,1388,2682,10000]",48M,repeated,13,10%,top,8,,,,,,,,,,N/A,N/A,2026-04-22T23:01:23Z,https://wandb.ai/jchud-stanford-university/hernandez-replication/runs/mirror_fa364o0n
mirror_8ehw29xw,finished,cn32q84g,"63M nr=[1,193,2682]",63M,non-repeated,1,10%,bot,0.25,,,,,,,,,,N/A,N/A,2026-04-22T23:01:34Z,https://wandb.ai/jchud-stanford-university/hernandez-replication/runs/mirror_8ehw29xw
mirror_tppdlqkb,finished,cn32q84g,"63M nr=[1,193,2682]",63M,repeated,193,10%,bot,0.25,,,,,,,,,,N/A,N/A,2026-04-22T23:01:44Z,https://wandb.ai/jchud-stanford-university/hernandez-replication/runs/mirror_tppdlqkb
mirror_iddh00gn,finished,qbxjrwsx,"48M nr=[1,13,51,99,193,373,719,1388,2682,10000]",48M,repeated,51,10%,top,8,,,,,,,,,,N/A,N/A,2026-04-22T23:01:52Z,https://wandb.ai/jchud-stanford-university/hernandez-replication/runs/mirror_iddh00gn
mirror_12ewsvfy,finished,bvzxxmsy,"34M nr=[1,13,51,193,719,2682]",34M,non-repeated,1,10%,top,2,4.505092620849609,4.5114,5.260400222245594,4010,1,1362454126,136245412.6,195168.764,2.6518920345712585e-08,N/A,N/A,2026-04-22T23:02:02Z,https://wandb.ai/jchud-stanford-university/hernandez-replication/runs/mirror_12ewsvfy
mirror_x7c8nv7a,finished,qbxjrwsx,"48M nr=[1,13,51,99,193,373,719,1388,2682,10000]",48M,repeated,99,10%,top,8,,,,,,,,,,N/A,N/A,2026-04-22T23:02:13Z,https://wandb.ai/jchud-stanford-university/hernandez-replication/runs/mirror_x7c8nv7a
mirror_3msy2486,finished,qbxjrwsx,"48M nr=[1,13,51,99,193,373,719,1388,2682,10000]",48M,repeated,193,10%,top,8,,,,,,,,,,N/A,N/A,2026-04-22T23:20:22Z,https://wandb.ai/jchud-stanford-university/hernandez-replication/runs/mirror_3msy2486
mirror_smdfksnh,finished,qbxjrwsx,"48M nr=[1,13,51,99,193,373,719,1388,2682,10000]",48M,repeated,373,10%,top,8,,,,,,,,,,N/A,N/A,2026-04-22T23:20:29Z,https://wandb.ai/jchud-stanford-university/hernandez-replication/runs/mirror_smdfksnh
mirror_9brdqcb5,finished,qbxjrwsx,"48M nr=[1,13,51,99,193,373,719,1388,2682,10000]",48M,repeated,719,10%,top,8,,,,,,,,,,N/A,N/A,2026-04-22T23:20:40Z,https://wandb.ai/jchud-stanford-university/hernandez-replication/runs/mirror_9brdqcb5
mirror_kl0fogbs,finished,qbxjrwsx,"48M nr=[1,13,51,99,193,373,719,1388,2682,10000]",48M,repeated,1388,10%,top,8,,,,,,,,,,N/A,N/A,2026-04-22T23:20:47Z,https://wandb.ai/jchud-stanford-university/hernandez-replication/runs/mirror_kl0fogbs
mirror_cgyvg4bh,finished,qbxjrwsx,"48M nr=[1,13,51,99,193,373,719,1388,2682,10000]",48M,repeated,2682,10%,top,8,,,,,,,,,,N/A,N/A,2026-04-22T23:39:26Z,https://wandb.ai/jchud-stanford-university/hernandez-replication/runs/mirror_cgyvg4bh
mirror_ghovnn5p,finished,qbxjrwsx,"48M nr=[1,13,51,99,193,373,719,1388,2682,10000]",48M,repeated,10000,10%,top,8,,,,,,,,,,N/A,N/A,2026-04-22T23:39:36Z,https://wandb.ai/jchud-stanford-university/hernandez-replication/runs/mirror_ghovnn5p
mirror_razsmhfo,finished,qbxjrwsx,"48M nr=[1,13,51,99,193,373,719,1388,2682,10000]",48M,non-repeated,1,10%,bot,8,,,,,,,,,,N/A,N/A,2026-04-22T23:39:46Z,https://wandb.ai/jchud-stanford-university/hernandez-replication/runs/mirror_razsmhfo
mirror_jjas9cx2,finished,qbxjrwsx,"48M nr=[1,13,51,99,193,373,719,1388,2682,10000]",48M,repeated,13,10%,bot,8,,,,,,,,,,N/A,N/A,2026-04-22T23:39:56Z,https://wandb.ai/jchud-stanford-university/hernandez-replication/runs/mirror_jjas9cx2
mirror_akvtpkbo,finished,qbxjrwsx,"48M nr=[1,13,51,99,193,373,719,1388,2682,10000]",48M,repeated,51,10%,bot,8,,,,,,,,,,N/A,N/A,2026-04-22T23:59:12Z,https://wandb.ai/jchud-stanford-university/hernandez-replication/runs/mirror_akvtpkbo
mirror_1t5a7xuw,finished,qbxjrwsx,"48M nr=[1,13,51,99,193,373,719,1388,2682,10000]",48M,repeated,99,10%,bot,8,,,,,,,,,,N/A,N/A,2026-04-22T23:59:22Z,https://wandb.ai/jchud-stanford-university/hernandez-replication/runs/mirror_1t5a7xuw
mirror_dp3vq73o,finished,qbxjrwsx,"48M nr=[1,13,51,99,193,373,719,1388,2682,10000]",48M,repeated,193,10%,bot,8,,,,,,,,,,N/A,N/A,2026-04-22T23:59:33Z,https://wandb.ai/jchud-stanford-university/hernandez-replication/runs/mirror_dp3vq73o
mirror_57xh3e9t,finished,qbxjrwsx,"48M nr=[1,13,51,99,193,373,719,1388,2682,10000]",48M,repeated,373,10%,bot,8,,,,,,,,,,N/A,N/A,2026-04-22T23:59:43Z,https://wandb.ai/jchud-stanford-university/hernandez-replication/runs/mirror_57xh3e9t
mirror_gjx68aim,finished,qbxjrwsx,"48M nr=[1,13,51,99,193,373,719,1388,2682,10000]",48M,repeated,719,10%,bot,8,,,,,,,,,,N/A,N/A,2026-04-23T00:19:19Z,https://wandb.ai/jchud-stanford-university/hernandez-replication/runs/mirror_gjx68aim
mirror_m4ypt126,finished,qbxjrwsx,"48M nr=[1,13,51,99,193,373,719,1388,2682,10000]",48M,repeated,1388,10%,bot,8,,,,,,,,,,N/A,N/A,2026-04-23T00:19:30Z,https://wandb.ai/jchud-stanford-university/hernandez-replication/runs/mirror_m4ypt126
mirror_g2sji1q9,finished,qbxjrwsx,"48M nr=[1,13,51,99,193,373,719,1388,2682,10000]",48M,repeated,2682,10%,bot,8,,,,,,,,,,N/A,N/A,2026-04-23T00:19:38Z,https://wandb.ai/jchud-stanford-university/hernandez-replication/runs/mirror_g2sji1q9
mirror_13hqfjma,finished,qbxjrwsx,"48M nr=[1,13,51,99,193,373,719,1388,2682,10000]",48M,repeated,10000,10%,bot,8,,,,,,,,,,N/A,N/A,2026-04-23T00:39:28Z,https://wandb.ai/jchud-stanford-university/hernandez-replication/runs/mirror_13hqfjma
mirror_k7gifxyx,finished,gz0x12tm,"48M nr=[1,13,51,99,193,373,719,1388,2682,10000]",48M,non-repeated,1,10%,top,8,,,,,,,,,,N/A,N/A,2026-04-23T00:39:39Z,https://wandb.ai/jchud-stanford-university/hernandez-replication/runs/mirror_k7gifxyx
mirror_fw6xiodm,finished,gz0x12tm,"48M nr=[1,13,51,99,193,373,719,1388,2682,10000]",48M,repeated,13,10%,top,8,,,,,,,,,,N/A,N/A,2026-04-23T00:39:50Z,https://wandb.ai/jchud-stanford-university/hernandez-replication/runs/mirror_fw6xiodm
mirror_sl8lj4wf,finished,gz0x12tm,"48M nr=[1,13,51,99,193,373,719,1388,2682,10000]",48M,repeated,51,10%,top,8,,,,,,,,,,N/A,N/A,2026-04-23T00:40:00Z,https://wandb.ai/jchud-stanford-university/hernandez-replication/runs/mirror_sl8lj4wf
mirror_ygwc6i5c,finished,gz0x12tm,"48M nr=[1,13,51,99,193,373,719,1388,2682,10000]",48M,repeated,99,10%,top,8,,,,,,,,,,N/A,N/A,2026-04-23T01:02:56Z,https://wandb.ai/jchud-stanford-university/hernandez-replication/runs/mirror_ygwc6i5c
mirror_e14wrl1r,finished,gz0x12tm,"48M nr=[1,13,51,99,193,373,719,1388,2682,10000]",48M,repeated,193,10%,top,8,,,,,,,,,,N/A,N/A,2026-04-23T01:03:10Z,https://wandb.ai/jchud-stanford-university/hernandez-replication/runs/mirror_e14wrl1r
mirror_66x9no9v,finished,gz0x12tm,"48M nr=[1,13,51,99,193,373,719,1388,2682,10000]",48M,repeated,373,10%,top,8,,,,,,,,,,N/A,N/A,2026-04-23T01:03:25Z,https://wandb.ai/jchud-stanford-university/hernandez-replication/runs/mirror_66x9no9v
mirror_0xhhtngi,finished,gz0x12tm,"48M nr=[1,13,51,99,193,373,719,1388,2682,10000]",48M,repeated,719,10%,top,8,,,,,,,,,,N/A,N/A,2026-04-23T01:03:38Z,https://wandb.ai/jchud-stanford-university/hernandez-replication/runs/mirror_0xhhtngi
mirror_ej8272jj,finished,gz0x12tm,"48M nr=[1,13,51,99,193,373,719,1388,2682,10000]",48M,repeated,1388,10%,top,8,,,,,,,,,,N/A,N/A,2026-04-23T01:03:51Z,https://wandb.ai/jchud-stanford-university/hernandez-replication/runs/mirror_ej8272jj
mirror_b9swpg8o,finished,gz0x12tm,"48M nr=[1,13,51,99,193,373,719,1388,2682,10000]",48M,repeated,2682,10%,top,8,,,,,,,,,,N/A,N/A,2026-04-23T01:04:02Z,https://wandb.ai/jchud-stanford-university/hernandez-replication/runs/mirror_b9swpg8o
mirror_7qzfrz1d,finished,gz0x12tm,"48M nr=[1,13,51,99,193,373,719,1388,2682,10000]",48M,repeated,10000,10%,top,8,,,,,,,,,,N/A,N/A,2026-04-23T01:23:35Z,https://wandb.ai/jchud-stanford-university/hernandez-replication/runs/mirror_7qzfrz1d
mirror_lgmmapk2,finished,gz0x12tm,"48M nr=[1,13,51,99,193,373,719,1388,2682,10000]",48M,non-repeated,1,10%,bot,8,,,,,,,,,,N/A,N/A,2026-04-23T01:23:46Z,https://wandb.ai/jchud-stanford-university/hernandez-replication/runs/mirror_lgmmapk2
mirror_h2cgdqg2,finished,gz0x12tm,"48M nr=[1,13,51,99,193,373,719,1388,2682,10000]",48M,repeated,13,10%,bot,8,,,,,,,,,,N/A,N/A,2026-04-23T01:23:56Z,https://wandb.ai/jchud-stanford-university/hernandez-replication/runs/mirror_h2cgdqg2
mirror_cqjilz5b,finished,bvzxxmsy,"34M nr=[1,13,51,193,719,2682]",34M,repeated,13,10%,top,2,4.507381439208984,4.5063,5.257723886552194,4009,1,1362452804,10480406.184615385,195758.486,2.1930169813567403e-08,N/A,N/A,2026-04-23T01:24:08Z,https://wandb.ai/jchud-stanford-university/hernandez-replication/runs/mirror_cqjilz5b
mirror_xqn57dy0,finished,gz0x12tm,"48M nr=[1,13,51,99,193,373,719,1388,2682,10000]",48M,repeated,51,10%,bot,8,,,,,,,,,,N/A,N/A,2026-04-23T01:24:24Z,https://wandb.ai/jchud-stanford-university/hernandez-replication/runs/mirror_xqn57dy0
mirror_yfqqfexw,finished,gz0x12tm,"48M nr=[1,13,51,99,193,373,719,1388,2682,10000]",48M,repeated,99,10%,bot,8,,,,,,,,,,N/A,N/A,2026-04-23T01:24:35Z,https://wandb.ai/jchud-stanford-university/hernandez-replication/runs/mirror_yfqqfexw
mirror_d2ubhstq,finished,gz0x12tm,"48M nr=[1,13,51,99,193,373,719,1388,2682,10000]",48M,repeated,193,10%,bot,8,,,,,,,,,,N/A,N/A,2026-04-23T01:24:45Z,https://wandb.ai/jchud-stanford-university/hernandez-replication/runs/mirror_d2ubhstq
mirror_gmduye88,finished,gz0x12tm,"48M nr=[1,13,51,99,193,373,719,1388,2682,10000]",48M,repeated,373,10%,bot,8,,,,,,,,,,N/A,N/A,2026-04-23T01:24:55Z,https://wandb.ai/jchud-stanford-university/hernandez-replication/runs/mirror_gmduye88
mirror_4z6z1kw7,finished,gz0x12tm,"48M nr=[1,13,51,99,193,373,719,1388,2682,10000]",48M,repeated,719,10%,bot,8,,,,,,,,,,N/A,N/A,2026-04-23T01:45:10Z,https://wandb.ai/jchud-stanford-university/hernandez-replication/runs/mirror_4z6z1kw7
mirror_zh9y9dq9,finished,gz0x12tm,"48M nr=[1,13,51,99,193,373,719,1388,2682,10000]",48M,repeated,1388,10%,bot,8,,,,,,,,,,N/A,N/A,2026-04-23T01:45:20Z,https://wandb.ai/jchud-stanford-university/hernandez-replication/runs/mirror_zh9y9dq9
mirror_eaax0m1l,finished,gz0x12tm,"48M nr=[1,13,51,99,193,373,719,1388,2682,10000]",48M,repeated,2682,10%,bot,8,,,,,,,,,,N/A,N/A,2026-04-23T01:45:30Z,https://wandb.ai/jchud-stanford-university/hernandez-replication/runs/mirror_eaax0m1l
mirror_k1amcnj6,finished,gz0x12tm,"48M nr=[1,13,51,99,193,373,719,1388,2682,10000]",48M,repeated,10000,10%,bot,8,,,,,,,,,,N/A,N/A,2026-04-23T01:45:41Z,https://wandb.ai/jchud-stanford-university/hernandez-replication/runs/mirror_k1amcnj6
mirror_z3n28tzr,finished,wovqvx8x,"34M nr=[1,13,51,193,719,2682]",34M,non-repeated,1,10%,top,4,,,,,,,,,,N/A,N/A,2026-04-23T02:06:14Z,https://wandb.ai/jchud-stanford-university/hernandez-replication/runs/mirror_z3n28tzr
mirror_rqkvd0py,finished,wovqvx8x,"34M nr=[1,13,51,193,719,2682]",34M,repeated,13,10%,top,4,,,,,,,,,,N/A,N/A,2026-04-23T02:26:10Z,https://wandb.ai/jchud-stanford-university/hernandez-replication/runs/mirror_rqkvd0py
mirror_vnoxt0s4,finished,wovqvx8x,"34M nr=[1,13,51,193,719,2682]",34M,repeated,51,10%,top,4,,,,,,,,,,N/A,N/A,2026-04-23T02:26:20Z,https://wandb.ai/jchud-stanford-university/hernandez-replication/runs/mirror_vnoxt0s4
mirror_tkcpqjzj,finished,wovqvx8x,"34M nr=[1,13,51,193,719,2682]",34M,repeated,193,10%,top,4,,,,,,,,,,N/A,N/A,2026-04-23T02:45:50Z,https://wandb.ai/jchud-stanford-university/hernandez-replication/runs/mirror_tkcpqjzj
mirror_6c6fv3ys,finished,wovqvx8x,"34M nr=[1,13,51,193,719,2682]",34M,repeated,719,10%,top,4,,,,,,,,,,N/A,N/A,2026-04-23T02:46:01Z,https://wandb.ai/jchud-stanford-university/hernandez-replication/runs/mirror_6c6fv3ys
mirror_xs22hc5z,finished,wovqvx8x,"34M nr=[1,13,51,193,719,2682]",34M,repeated,2682,10%,top,4,,,,,,,,,,N/A,N/A,2026-04-23T03:04:46Z,https://wandb.ai/jchud-stanford-university/hernandez-replication/runs/mirror_xs22hc5z
mirror_ehjoewtc,finished,wovqvx8x,"34M nr=[1,13,51,193,719,2682]",34M,non-repeated,1,10%,bot,4,,,,,,,,,,N/A,N/A,2026-04-23T03:04:56Z,https://wandb.ai/jchud-stanford-university/hernandez-replication/runs/mirror_ehjoewtc
mirror_vzo47khx,finished,wovqvx8x,"34M nr=[1,13,51,193,719,2682]",34M,repeated,13,10%,bot,4,,,,,,,,,,N/A,N/A,2026-04-23T03:22:44Z,https://wandb.ai/jchud-stanford-university/hernandez-replication/runs/mirror_vzo47khx
mirror_adegf3ax,finished,wovqvx8x,"34M nr=[1,13,51,193,719,2682]",34M,repeated,51,10%,bot,4,,,,,,,,,,N/A,N/A,2026-04-23T03:22:54Z,https://wandb.ai/jchud-stanford-university/hernandez-replication/runs/mirror_adegf3ax
mirror_hifr3ryg,finished,wovqvx8x,"34M nr=[1,13,51,193,719,2682]",34M,repeated,193,10%,bot,4,,,,,,,,,,N/A,N/A,2026-04-23T03:41:30Z,https://wandb.ai/jchud-stanford-university/hernandez-replication/runs/mirror_hifr3ryg
mirror_p9rrfo16,finished,bvzxxmsy,"34M nr=[1,13,51,193,719,2682]",34M,repeated,51,10%,top,2,4.517403602600098,4.4946,5.254863953376031,4004,1,1362460260,2671490.705882353,196432.006,5.49627745955271e-09,N/A,N/A,2026-04-23T03:41:39Z,https://wandb.ai/jchud-stanford-university/hernandez-replication/runs/mirror_p9rrfo16
mirror_thedgpqe,finished,wovqvx8x,"34M nr=[1,13,51,193,719,2682]",34M,repeated,719,10%,bot,4,,,,,,,,,,N/A,N/A,2026-04-23T03:41:53Z,https://wandb.ai/jchud-stanford-university/hernandez-replication/runs/mirror_thedgpqe
mirror_fp67fp6v,finished,wovqvx8x,"34M nr=[1,13,51,193,719,2682]",34M,repeated,2682,10%,bot,4,,,,,,,,,,N/A,N/A,2026-04-23T03:59:09Z,https://wandb.ai/jchud-stanford-university/hernandez-replication/runs/mirror_fp67fp6v
proud-sweep-5,finished,wpc5vq1v,"34M nr=[99,373,1388]",34M,repeated,373,10%,bot,1,5.002890110015869,4.7002,5.628194678789457,2447,1,681856617,182803.38257372656,48521.037,3.439536394820003e-08,4h 10m,118d 1h ago,2026-04-23T04:18:26Z,https://wandb.ai/jchud-stanford-university/hernandez-replication/runs/pkcecsjv
mirror_oovnjprr,finished,bvzxxmsy,"34M nr=[1,13,51,193,719,2682]",34M,repeated,193,10%,top,2,,,,,,,,,,N/A,N/A,2026-04-23T05:07:54Z,https://wandb.ai/jchud-stanford-university/hernandez-replication/runs/mirror_oovnjprr
mirror_8ylhdajq,finished,bvzxxmsy,"34M nr=[1,13,51,193,719,2682]",34M,repeated,719,10%,top,2,,,,,,,,,,N/A,N/A,2026-04-23T05:08:01Z,https://wandb.ai/jchud-stanford-university/hernandez-replication/runs/mirror_8ylhdajq
mirror_0v21brv5,finished,bvzxxmsy,"34M nr=[1,13,51,193,719,2682]",34M,repeated,2682,10%,top,2,,,,,,,,,,N/A,N/A,2026-04-23T05:24:33Z,https://wandb.ai/jchud-stanford-university/hernandez-replication/runs/mirror_0v21brv5
mirror_2xztacc9,finished,bvzxxmsy,"34M nr=[1,13,51,193,719,2682]",34M,non-repeated,1,10%,bot,2,,,,,,,,,,N/A,N/A,2026-04-23T05:24:41Z,https://wandb.ai/jchud-stanford-university/hernandez-replication/runs/mirror_2xztacc9
mirror_1xjcghpp,finished,bvzxxmsy,"34M nr=[1,13,51,193,719,2682]",34M,repeated,13,10%,bot,2,,,,,,,,,,N/A,N/A,2026-04-23T05:24:51Z,https://wandb.ai/jchud-stanford-university/hernandez-replication/runs/mirror_1xjcghpp
mirror_6sitksn6,finished,vgquhbwq,"63M nr=[1,193,373,719,2682]",63M,non-repeated,1,10%,top,4,3.6983911991119385,3.694,4.244140463143537,9993,1,5029842530,502984253.0,152379.175,1.513890713214298e-08,N/A,N/A,2026-04-23T05:24:58Z,https://wandb.ai/jchud-stanford-university/hernandez-replication/runs/mirror_6sitksn6
mirror_khhpyim9,finished,bvzxxmsy,"34M nr=[1,13,51,193,719,2682]",34M,repeated,51,10%,bot,2,,,,,,,,,,N/A,N/A,2026-04-23T05:41:41Z,https://wandb.ai/jchud-stanford-university/hernandez-replication/runs/mirror_khhpyim9
mirror_e63du266,finished,bvzxxmsy,"34M nr=[1,13,51,193,719,2682]",34M,repeated,193,10%,bot,2,,,,,,,,,,N/A,N/A,2026-04-23T05:41:48Z,https://wandb.ai/jchud-stanford-university/hernandez-replication/runs/mirror_e63du266
mirror_2t9vdvgv,finished,bvzxxmsy,"34M nr=[1,13,51,193,719,2682]",34M,repeated,719,10%,bot,2,,,,,,,,,,N/A,N/A,2026-04-23T05:41:56Z,https://wandb.ai/jchud-stanford-university/hernandez-replication/runs/mirror_2t9vdvgv
mirror_3f05lv2a,finished,bvzxxmsy,"34M nr=[1,13,51,193,719,2682]",34M,repeated,2682,10%,bot,2,,,,,,,,,,N/A,N/A,2026-04-23T05:42:05Z,https://wandb.ai/jchud-stanford-university/hernandez-replication/runs/mirror_3f05lv2a
mirror_k4vcdzvg,finished,vgquhbwq,"63M nr=[1,193,373,719,2682]",63M,repeated,193,10%,top,4,3.7545864582061768,3.6477,4.20953460941221,9973,1,5029901106,2606166.376165803,152534.628,2.4252070140247795e-08,N/A,N/A,2026-04-23T05:59:37Z,https://wandb.ai/jchud-stanford-university/hernandez-replication/runs/mirror_k4vcdzvg
mirror_r0lpd5pa,finished,hnyaz83z,"93M nr=[1,99,193,373,2682]",93M,non-repeated,1,10%,top,4,,,,,,,,,,N/A,N/A,2026-04-23T05:59:49Z,https://wandb.ai/jchud-stanford-university/hernandez-replication/runs/mirror_r0lpd5pa
mirror_34bj4wsr,finished,hnyaz83z,"93M nr=[1,99,193,373,2682]",93M,repeated,99,10%,top,4,,,,,,,,,,N/A,N/A,2026-04-23T06:17:48Z,https://wandb.ai/jchud-stanford-university/hernandez-replication/runs/mirror_34bj4wsr
mirror_2z2chhvl,finished,hnyaz83z,"93M nr=[1,99,193,373,2682]",93M,repeated,193,10%,top,4,,,,,,,,,,N/A,N/A,2026-04-23T06:35:54Z,https://wandb.ai/jchud-stanford-university/hernandez-replication/runs/mirror_2z2chhvl
mirror_4vihf6xy,finished,hnyaz83z,"93M nr=[1,99,193,373,2682]",93M,repeated,373,10%,top,4,,,,,,,,,,N/A,N/A,2026-04-23T07:29:41Z,https://wandb.ai/jchud-stanford-university/hernandez-replication/runs/mirror_4vihf6xy
young-sweep-6,finished,wpc5vq1v,"34M nr=[99,373,1388]",34M,repeated,1388,10%,bot,1,5.000133991241455,4.593,5.5063752970158655,2416,1,681571150,49104.54971181556,48786.291,2.701996003769774e-08,4h 9m,117d 21h ago,2026-04-23T08:32:36Z,https://wandb.ai/jchud-stanford-university/hernandez-replication/runs/goqxgdlz
leafy-sweep-1,finished,0zqtw8nl,"34M nr=[1,193,10000]",34M,non-repeated,1,10%,top,2,4.497251033782959,4.4849,5.243685919773567,4164,1,1362465091,136246509.1,55399.494,5.081984380821391e-09,7h 12m,117d 18h ago,2026-04-23T09:00:36Z,https://wandb.ai/jchud-stanford-university/hernandez-replication/runs/frbkwg2w
mirror_remgpueq,finished,hnyaz83z,"93M nr=[1,99,193,373,2682]",93M,repeated,2682,10%,top,4,,,,,,,,,,N/A,N/A,2026-04-23T09:22:11Z,https://wandb.ai/jchud-stanford-university/hernandez-replication/runs/mirror_remgpueq
mirror_y4qn9qly,finished,rph6et2x,"153M nr=[1,99,193,373,2682]",153M,non-repeated,1,10%,top,4,,,,,,,,,,N/A,N/A,2026-04-23T09:22:20Z,https://wandb.ai/jchud-stanford-university/hernandez-replication/runs/mirror_y4qn9qly
mirror_33cdqrrl,finished,i352egi4,"344M nr=[373,719,2682]",344M,repeated,2682,10%,top,1,2.961585760116577,2.6522,3.153414334598474,12411,1,6881308470,256573.76845637584,188963.406,4.080525922222092e-09,N/A,N/A,2026-04-23T09:22:29Z,https://wandb.ai/jchud-stanford-university/hernandez-replication/runs/mirror_33cdqrrl
mirror_i5pyrm8o,finished,rph6et2x,"153M nr=[1,99,193,373,2682]",153M,repeated,99,10%,top,4,,,,,,,,,,N/A,N/A,2026-04-23T09:39:22Z,https://wandb.ai/jchud-stanford-university/hernandez-replication/runs/mirror_i5pyrm8o
mirror_3mqtmw9m,finished,rph6et2x,"153M nr=[1,99,193,373,2682]",153M,repeated,193,10%,top,4,,,,,,,,,,N/A,N/A,2026-04-23T10:13:25Z,https://wandb.ai/jchud-stanford-university/hernandez-replication/runs/mirror_3mqtmw9m
mirror_eqfsruub,finished,rph6et2x,"153M nr=[1,99,193,373,2682]",153M,repeated,373,10%,top,4,,,,,,,,,,N/A,N/A,2026-04-23T10:30:36Z,https://wandb.ai/jchud-stanford-university/hernandez-replication/runs/mirror_eqfsruub
mirror_w8sp16lq,finished,rph6et2x,"153M nr=[1,99,193,373,2682]",153M,repeated,2682,10%,top,4,,,,,,,,,,N/A,N/A,2026-04-23T11:04:15Z,https://wandb.ai/jchud-stanford-university/hernandez-replication/runs/mirror_w8sp16lq
mirror_6s0ba475,finished,j94g8o8h,"153M nr=[1,99,193,373,2682]",153M,non-repeated,1,10%,top,2,,,,,,,,,,N/A,N/A,2026-04-23T11:04:24Z,https://wandb.ai/jchud-stanford-university/hernandez-replication/runs/mirror_6s0ba475
mirror_qahe1uy1,finished,j94g8o8h,"153M nr=[1,99,193,373,2682]",153M,repeated,99,10%,top,2,,,,,,,,,,N/A,N/A,2026-04-23T11:21:14Z,https://wandb.ai/jchud-stanford-university/hernandez-replication/runs/mirror_qahe1uy1
mirror_xb27zbrg,finished,j94g8o8h,"153M nr=[1,99,193,373,2682]",153M,repeated,193,10%,top,2,,,,,,,,,,N/A,N/A,2026-04-23T11:38:22Z,https://wandb.ai/jchud-stanford-university/hernandez-replication/runs/mirror_xb27zbrg
mirror_1jk9om82,finished,j94g8o8h,"153M nr=[1,99,193,373,2682]",153M,repeated,373,10%,top,2,,,,,,,,,,N/A,N/A,2026-04-23T11:55:49Z,https://wandb.ai/jchud-stanford-university/hernandez-replication/runs/mirror_1jk9om82
mirror_lr7jfdqr,finished,j94g8o8h,"153M nr=[1,99,193,373,2682]",153M,repeated,2682,10%,top,2,,,,,,,,,,N/A,N/A,2026-04-23T12:12:55Z,https://wandb.ai/jchud-stanford-university/hernandez-replication/runs/mirror_lr7jfdqr
mirror_p0r77k7e,finished,j1q4kue3,"48M nr=[1,99,193,373,2682]",48M,non-repeated,1,10%,top,2,,,,,,,,,,N/A,N/A,2026-04-23T12:30:18Z,https://wandb.ai/jchud-stanford-university/hernandez-replication/runs/mirror_p0r77k7e
mirror_k9xwlckd,finished,j1q4kue3,"48M nr=[1,99,193,373,2682]",48M,repeated,99,10%,top,2,,,,,,,,,,N/A,N/A,2026-04-23T12:47:37Z,https://wandb.ai/jchud-stanford-university/hernandez-replication/runs/mirror_k9xwlckd
mirror_ewj3ldqj,finished,j1q4kue3,"48M nr=[1,99,193,373,2682]",48M,repeated,193,10%,top,2,,,,,,,,,,N/A,N/A,2026-04-23T12:47:46Z,https://wandb.ai/jchud-stanford-university/hernandez-replication/runs/mirror_ewj3ldqj
clean-sweep-1,finished,bhazk7z5,"63M nr=[1,13,51,193,373,719,2682,10000]",63M,non-repeated,1,10%,top,4,3.6949846744537354,3.6895,4.233799391593393,10519,1,5029869121,502986912.1,65190.597,1.513796028910222e-08,22h 2m,116d 23h ago,2026-04-23T12:50:49Z,https://wandb.ai/jchud-stanford-university/hernandez-replication/runs/ckd66bky
mirror_945cnxs5,finished,j1q4kue3,"48M nr=[1,99,193,373,2682]",48M,repeated,373,10%,top,2,,,,,,,,,,N/A,N/A,2026-04-23T13:05:05Z,https://wandb.ai/jchud-stanford-university/hernandez-replication/runs/mirror_945cnxs5
mirror_zcqohsrp,finished,j1q4kue3,"48M nr=[1,99,193,373,2682]",48M,repeated,2682,10%,top,2,,,,,,,,,,N/A,N/A,2026-04-23T13:05:12Z,https://wandb.ai/jchud-stanford-university/hernandez-replication/runs/mirror_zcqohsrp
mirror_so58okil,finished,sjek9gmr,"34M nr=[99,193,373,719,1388,2682]",34M,repeated,99,10%,top,2,,,,,,,,,,N/A,N/A,2026-04-23T13:05:19Z,https://wandb.ai/jchud-stanford-university/hernandez-replication/runs/mirror_so58okil
mirror_9x565u01,finished,sjek9gmr,"34M nr=[99,193,373,719,1388,2682]",34M,repeated,193,10%,top,2,,,,,,,,,,N/A,N/A,2026-04-23T13:23:06Z,https://wandb.ai/jchud-stanford-university/hernandez-replication/runs/mirror_9x565u01
mirror_35qhuctd,finished,sjek9gmr,"34M nr=[99,193,373,719,1388,2682]",34M,repeated,373,10%,top,2,,,,,,,,,,N/A,N/A,2026-04-23T13:23:15Z,https://wandb.ai/jchud-stanford-university/hernandez-replication/runs/mirror_35qhuctd
mirror_8amke5eh,finished,sjek9gmr,"34M nr=[99,193,373,719,1388,2682]",34M,repeated,719,10%,top,2,,,,,,,,,,N/A,N/A,2026-04-23T13:23:24Z,https://wandb.ai/jchud-stanford-university/hernandez-replication/runs/mirror_8amke5eh
mirror_9vujf3sv,finished,sjek9gmr,"34M nr=[99,193,373,719,1388,2682]",34M,repeated,1388,10%,top,2,,,,,,,,,,N/A,N/A,2026-04-23T13:23:32Z,https://wandb.ai/jchud-stanford-university/hernandez-replication/runs/mirror_9vujf3sv
mirror_8nkj1nvz,finished,sjek9gmr,"34M nr=[99,193,373,719,1388,2682]",34M,repeated,2682,10%,top,2,,,,,,,,,,N/A,N/A,2026-04-23T13:23:42Z,https://wandb.ai/jchud-stanford-university/hernandez-replication/runs/mirror_8nkj1nvz
mirror_dfp1hz05,finished,vgquhbwq,"63M nr=[1,193,373,719,2682]",63M,repeated,373,10%,top,4,,,,,,,,,,N/A,N/A,2026-04-23T13:42:01Z,https://wandb.ai/jchud-stanford-university/hernandez-replication/runs/mirror_dfp1hz05
mirror_twrniiuh,finished,vgquhbwq,"63M nr=[1,193,373,719,2682]",63M,repeated,719,10%,top,4,,,,,,,,,,N/A,N/A,2026-04-23T13:59:55Z,https://wandb.ai/jchud-stanford-university/hernandez-replication/runs/mirror_twrniiuh
mirror_jtb8gjo9,finished,vgquhbwq,"63M nr=[1,193,373,719,2682]",63M,repeated,2682,10%,top,4,,,,,,,,,,N/A,N/A,2026-04-23T14:00:05Z,https://wandb.ai/jchud-stanford-university/hernandez-replication/runs/mirror_jtb8gjo9
mirror_5lc5sxbh,finished,4hlmjou6,"34M nr=[99,193,373,719,1388,2682]",34M,repeated,99,10%,top,2,,,,,,,,,,N/A,N/A,2026-04-23T14:35:56Z,https://wandb.ai/jchud-stanford-university/hernandez-replication/runs/mirror_5lc5sxbh
mirror_oxpv1ums,finished,4hlmjou6,"34M nr=[99,193,373,719,1388,2682]",34M,repeated,193,10%,top,2,,,,,,,,,,N/A,N/A,2026-04-23T14:36:04Z,https://wandb.ai/jchud-stanford-university/hernandez-replication/runs/mirror_oxpv1ums
mirror_z94ic4cp,finished,4hlmjou6,"34M nr=[99,193,373,719,1388,2682]",34M,repeated,373,10%,top,2,,,,,,,,,,N/A,N/A,2026-04-23T14:53:59Z,https://wandb.ai/jchud-stanford-university/hernandez-replication/runs/mirror_z94ic4cp
mirror_fa7g0x7u,finished,4hlmjou6,"34M nr=[99,193,373,719,1388,2682]",34M,repeated,719,10%,top,2,,,,,,,,,,N/A,N/A,2026-04-23T14:54:08Z,https://wandb.ai/jchud-stanford-university/hernandez-replication/runs/mirror_fa7g0x7u
mirror_wacmtdkq,finished,4hlmjou6,"34M nr=[99,193,373,719,1388,2682]",34M,repeated,1388,10%,top,2,,,,,,,,,,N/A,N/A,2026-04-23T14:54:18Z,https://wandb.ai/jchud-stanford-university/hernandez-replication/runs/mirror_wacmtdkq
mirror_4a4zjuy8,finished,4hlmjou6,"34M nr=[99,193,373,719,1388,2682]",34M,repeated,2682,10%,top,2,,,,,,,,,,N/A,N/A,2026-04-23T15:11:58Z,https://wandb.ai/jchud-stanford-university/hernandez-replication/runs/mirror_4a4zjuy8
mirror_1ru9c0da,finished,xue943dx,"34M nr=[99,193,373,719,1388,2682]",34M,repeated,99,10%,top,2,6.699889659881592,5.4628,,800,0.1999250281144571,272110842,274859.4363636364,195389.943,0.000911838439999278,N/A,N/A,2026-04-23T15:47:00Z,https://wandb.ai/jchud-stanford-university/hernandez-replication/runs/mirror_1ru9c0da
mirror_x6v7sros,finished,xue943dx,"34M nr=[99,193,373,719,1388,2682]",34M,repeated,193,10%,top,2,5.461147785186768,5.4143,,825,0.2058896930371849,279996636,145075.97720207254,161575.274,0.0009140146178955364,N/A,N/A,2026-04-23T15:47:14Z,https://wandb.ai/jchud-stanford-university/hernandez-replication/runs/mirror_x6v7sros
mirror_s69sh7bt,finished,xue943dx,"34M nr=[99,193,373,719,1388,2682]",34M,repeated,373,10%,top,2,,,,,,,,,,N/A,N/A,2026-04-23T15:47:24Z,https://wandb.ai/jchud-stanford-university/hernandez-replication/runs/mirror_s69sh7bt
mirror_80c40hw9,finished,xue943dx,"34M nr=[99,193,373,719,1388,2682]",34M,repeated,719,10%,top,2,,,,,,,,,,N/A,N/A,2026-04-23T15:47:31Z,https://wandb.ai/jchud-stanford-university/hernandez-replication/runs/mirror_80c40hw9
mirror_cmxomp2x,finished,xue943dx,"34M nr=[99,193,373,719,1388,2682]",34M,repeated,1388,10%,top,2,,,,,,,,,,N/A,N/A,2026-04-23T15:47:38Z,https://wandb.ai/jchud-stanford-university/hernandez-replication/runs/mirror_cmxomp2x
mirror_57t83hy8,finished,xue943dx,"34M nr=[99,193,373,719,1388,2682]",34M,repeated,2682,10%,top,2,,,,,,,,,,N/A,N/A,2026-04-23T15:47:45Z,https://wandb.ai/jchud-stanford-university/hernandez-replication/runs/mirror_57t83hy8
mirror_p7kj5wzx,finished,rmn1rtwf,"34M nr=[99,193,373,719,1388,2682]",34M,repeated,99,10%,top,2,,,,,,,,,,N/A,N/A,2026-04-23T16:05:44Z,https://wandb.ai/jchud-stanford-university/hernandez-replication/runs/mirror_p7kj5wzx
mirror_v7yzu2t4,finished,rmn1rtwf,"34M nr=[99,193,373,719,1388,2682]",34M,repeated,193,10%,top,2,,,,,,,,,,N/A,N/A,2026-04-23T16:05:51Z,https://wandb.ai/jchud-stanford-university/hernandez-replication/runs/mirror_v7yzu2t4
fresh-sweep-2,finished,0zqtw8nl,"34M nr=[1,193,10000]",34M,repeated,193,10%,top,2,4.5502166748046875,4.4491,5.219766603760396,4162,1,1362472593,705944.3487046632,55603.683,1.8317154834053e-09,7h 12m,117d 10h ago,2026-04-23T16:13:52Z,https://wandb.ai/jchud-stanford-university/hernandez-replication/runs/ur5xn8li
mirror_8scndj2u,finished,rmn1rtwf,"34M nr=[99,193,373,719,1388,2682]",34M,repeated,373,10%,top,2,,,,,,,,,,N/A,N/A,2026-04-23T16:23:51Z,https://wandb.ai/jchud-stanford-university/hernandez-replication/runs/mirror_8scndj2u
mirror_5b8evc98,finished,rmn1rtwf,"34M nr=[99,193,373,719,1388,2682]",34M,repeated,719,10%,top,2,,,,,,,,,,N/A,N/A,2026-04-23T16:23:58Z,https://wandb.ai/jchud-stanford-university/hernandez-replication/runs/mirror_5b8evc98
mirror_upgtiidp,finished,rmn1rtwf,"34M nr=[99,193,373,719,1388,2682]",34M,repeated,1388,10%,top,2,,,,,,,,,,N/A,N/A,2026-04-23T16:24:07Z,https://wandb.ai/jchud-stanford-university/hernandez-replication/runs/mirror_upgtiidp
mirror_0aynmodj,finished,rmn1rtwf,"34M nr=[99,193,373,719,1388,2682]",34M,repeated,2682,10%,top,2,,,,,,,,,,N/A,N/A,2026-04-23T16:24:13Z,https://wandb.ai/jchud-stanford-university/hernandez-replication/runs/mirror_0aynmodj
mirror_1g2mulua,finished,x6ldur7u,"34M nr=[99,193,373,719,1388,2682]",34M,repeated,99,10%,top,2,6.751043319702148,6.8586,,400,0.09625975324182488,131033177,132356.74444444446,157739.339,0.0004383824937201087,N/A,N/A,2026-04-23T16:42:18Z,https://wandb.ai/jchud-stanford-university/hernandez-replication/runs/mirror_1g2mulua
mirror_d8io3w5w,finished,x6ldur7u,"34M nr=[99,193,373,719,1388,2682]",34M,repeated,193,10%,top,2,6.754371166229248,5.9586,,600,0.14418677733309918,196273226,101695.9720207254,138221.578,0.0006573330283400672,N/A,N/A,2026-04-23T16:42:24Z,https://wandb.ai/jchud-stanford-university/hernandez-replication/runs/mirror_d8io3w5w
mirror_9j834rvl,finished,x6ldur7u,"34M nr=[99,193,373,719,1388,2682]",34M,repeated,373,10%,top,2,,,,,,,,,,N/A,N/A,2026-04-23T16:42:31Z,https://wandb.ai/jchud-stanford-university/hernandez-replication/runs/mirror_9j834rvl
mirror_ybf5iw7r,finished,x6ldur7u,"34M nr=[99,193,373,719,1388,2682]",34M,repeated,719,10%,top,2,,,,,,,,,,N/A,N/A,2026-04-23T16:42:38Z,https://wandb.ai/jchud-stanford-university/hernandez-replication/runs/mirror_ybf5iw7r
mirror_u7hg3i2o,finished,x6ldur7u,"34M nr=[99,193,373,719,1388,2682]",34M,repeated,1388,10%,top,2,,,,,,,,,,N/A,N/A,2026-04-23T17:00:35Z,https://wandb.ai/jchud-stanford-university/hernandez-replication/runs/mirror_u7hg3i2o
mirror_70mu59vv,finished,x6ldur7u,"34M nr=[99,193,373,719,1388,2682]",34M,repeated,2682,10%,top,2,,,,,,,,,,N/A,N/A,2026-04-23T17:00:42Z,https://wandb.ai/jchud-stanford-university/hernandez-replication/runs/mirror_70mu59vv
mirror_y308tls8,finished,2rc7faob,"34M nr=[99,193,373,719,1388,2682]",34M,repeated,99,10%,top,2,,,,,,,,,,N/A,N/A,2026-04-23T17:00:49Z,https://wandb.ai/jchud-stanford-university/hernandez-replication/runs/mirror_y308tls8
winter-sweep-1,finished,palnm9f1,"63M nr=[1,13,51,193,373,719,2682,10000]",63M,non-repeated,1,10%,top,0.25,4.84359884262085,4.8392,5.820838362064417,1388,1,314352008,31435200.8,50246.959,2.9561535950987624e-07,2h 17m,117d 15h ago,2026-04-23T17:05:41Z,https://wandb.ai/jchud-stanford-university/hernandez-replication/runs/uosoxrjh
sweet-sweep-2,finished,palnm9f1,"63M nr=[1,13,51,193,373,719,2682,10000]",63M,repeated,13,10%,top,0.25,4.837763786315918,4.8369,5.806025836718891,1386,1,314361669,2418166.684615385,50017.152,2.179790609893361e-07,2h 17m,117d 15h ago,2026-04-23T17:05:42Z,https://wandb.ai/jchud-stanford-university/hernandez-replication/runs/z58hb32m
mirror_2x2wsmpq,finished,2rc7faob,"34M nr=[99,193,373,719,1388,2682]",34M,repeated,193,10%,top,2,,,,,,,,,,N/A,N/A,2026-04-23T17:19:00Z,https://wandb.ai/jchud-stanford-university/hernandez-replication/runs/mirror_2x2wsmpq
mirror_e9v1s56e,finished,2rc7faob,"34M nr=[99,193,373,719,1388,2682]",34M,repeated,373,10%,top,2,,,,,,,,,,N/A,N/A,2026-04-23T17:19:10Z,https://wandb.ai/jchud-stanford-university/hernandez-replication/runs/mirror_e9v1s56e
mirror_9em4v74i,finished,g16hy5ss,"153M nr=[1,99,193,373,2682]",153M,non-repeated,1,10%,top,2,3.209057569503784,3.2038,3.6990055095248486,12808,1,6124414115,612441411.5,124451.082,2.1221729272118822e-09,N/A,N/A,2026-04-23T17:19:16Z,https://wandb.ai/jchud-stanford-university/hernandez-replication/runs/mirror_9em4v74i
mirror_sh67myi5,finished,2rc7faob,"34M nr=[99,193,373,719,1388,2682]",34M,repeated,719,10%,top,2,,,,,,,,,,N/A,N/A,2026-04-23T17:19:25Z,https://wandb.ai/jchud-stanford-university/hernandez-replication/runs/mirror_sh67myi5
mirror_gdhaoqrk,finished,2rc7faob,"34M nr=[99,193,373,719,1388,2682]",34M,repeated,1388,10%,top,2,,,,,,,,,,N/A,N/A,2026-04-23T17:19:31Z,https://wandb.ai/jchud-stanford-university/hernandez-replication/runs/mirror_gdhaoqrk
mirror_7bqe2kfs,finished,2rc7faob,"34M nr=[99,193,373,719,1388,2682]",34M,repeated,2682,10%,top,2,,,,,,,,,,N/A,N/A,2026-04-23T17:37:55Z,https://wandb.ai/jchud-stanford-university/hernandez-replication/runs/mirror_7bqe2kfs
mirror_kxn2kc7m,finished,ouhc73uv,"34M nr=[99,193,373,719,1388,2682]",34M,repeated,99,10%,top,2,,,,,,,,,,N/A,N/A,2026-04-23T17:38:02Z,https://wandb.ai/jchud-stanford-university/hernandez-replication/runs/mirror_kxn2kc7m
mirror_oocfwcbo,finished,ouhc73uv,"34M nr=[99,193,373,719,1388,2682]",34M,repeated,193,10%,top,2,,,,,,,,,,N/A,N/A,2026-04-23T17:38:09Z,https://wandb.ai/jchud-stanford-university/hernandez-replication/runs/mirror_oocfwcbo
mirror_nq1fsays,finished,ouhc73uv,"34M nr=[99,193,373,719,1388,2682]",34M,repeated,373,10%,top,2,,,,,,,,,,N/A,N/A,2026-04-23T17:56:30Z,https://wandb.ai/jchud-stanford-university/hernandez-replication/runs/mirror_nq1fsays
mirror_o2hlgpcj,finished,ouhc73uv,"34M nr=[99,193,373,719,1388,2682]",34M,repeated,719,10%,top,2,,,,,,,,,,N/A,N/A,2026-04-23T17:56:37Z,https://wandb.ai/jchud-stanford-university/hernandez-replication/runs/mirror_o2hlgpcj
mirror_m75y79s6,finished,ouhc73uv,"34M nr=[99,193,373,719,1388,2682]",34M,repeated,1388,10%,top,2,,,,,,,,,,N/A,N/A,2026-04-23T17:56:44Z,https://wandb.ai/jchud-stanford-university/hernandez-replication/runs/mirror_m75y79s6
mirror_scb5bsqj,finished,ouhc73uv,"34M nr=[99,193,373,719,1388,2682]",34M,repeated,2682,10%,top,2,,,,,,,,,,N/A,N/A,2026-04-23T17:56:50Z,https://wandb.ai/jchud-stanford-university/hernandez-replication/runs/mirror_scb5bsqj
mirror_w5id7fvd,finished,x5tgodji,"34M nr=[99,193,373,719,1388,2682]",34M,repeated,99,10%,top,2,4.51857328414917,4.47,5.225250462331126,4196,1,1362481411,1376243.8494949494,82185.02,9.692359068538817e-08,N/A,N/A,2026-04-23T18:14:42Z,https://wandb.ai/jchud-stanford-university/hernandez-replication/runs/mirror_w5id7fvd
helpful-sweep-3,finished,palnm9f1,"63M nr=[1,13,51,193,373,719,2682,10000]",63M,repeated,51,10%,top,0.25,4.8571696281433105,4.8105,5.79212452476628,1387,1,314418131,616506.1392156864,50390.66,2.553572737390543e-07,2h 7m,117d 12h ago,2026-04-23T19:23:24Z,https://wandb.ai/jchud-stanford-university/hernandez-replication/runs/h8q9evxu
warm-sweep-4,finished,palnm9f1,"63M nr=[1,13,51,193,373,719,2682,10000]",63M,repeated,193,10%,top,0.25,4.970602035522461,4.7088,5.733029947419097,1380,1,314477313,162941.61295336788,50061.678,5.4894332350238523e-08,2h 7m,117d 12h ago,2026-04-23T19:23:49Z,https://wandb.ai/jchud-stanford-university/hernandez-replication/runs/3n60nyxa
mirror_bhxm8vx2,finished,fptuexnn,"344M nr=[75,120,175]",344M,repeated,75,10%,top,1,3.0089173316955566,2.7329,3.3081312280954775,12416,1,6880417874,9173890.498666668,189484.492,8.182783907177537e-09,N/A,N/A,2026-04-23T20:11:38Z,https://wandb.ai/jchud-stanford-university/hernandez-replication/runs/mirror_bhxm8vx2
sweet-sweep-5,finished,palnm9f1,"63M nr=[1,13,51,193,373,719,2682,10000]",63M,repeated,373,10%,top,0.25,4.9901018142700195,4.6089,5.665269265550681,1383,1,314695380,84368.7345844504,50510.559,1.23062240034639e-07,2h 5m,117d 10h ago,2026-04-23T21:31:09Z,https://wandb.ai/jchud-stanford-university/hernandez-replication/runs/56vhv9ra
lucky-sweep-6,finished,palnm9f1,"63M nr=[1,13,51,193,373,719,2682,10000]",63M,repeated,719,10%,top,0.25,4.986385345458984,4.5031,5.590570422424667,1392,1,315771785,43918.18984700974,50097.036,4.85998534304436e-07,2h 5m,117d 10h ago,2026-04-23T21:31:57Z,https://wandb.ai/jchud-stanford-university/hernandez-replication/runs/71jmmcym
mirror_vn8js4m1,finished,x5tgodji,"34M nr=[99,193,373,719,1388,2682]",34M,repeated,193,10%,top,2,4.552491664886475,4.4542,5.215555403698971,4202,1,1362485696,705951.1378238342,80974.365,1.7970021113647944e-09,N/A,N/A,2026-04-23T22:51:56Z,https://wandb.ai/jchud-stanford-university/hernandez-replication/runs/mirror_vn8js4m1
electric-sweep-3,finished,0zqtw8nl,"34M nr=[1,193,10000]",34M,repeated,10000,10%,top,2,4.586859226226807,4.1123,4.888008284602993,4182,1,1373157371,13731.573709999999,55675.888,1.814234266138588e-09,7h 20m,117d 3h ago,2026-04-23T23:26:47Z,https://wandb.ai/jchud-stanford-university/hernandez-replication/runs/jq0cbc39
hearty-sweep-7,finished,palnm9f1,"63M nr=[1,13,51,193,373,719,2682,10000]",63M,repeated,2682,10%,top,0.25,4.9181976318359375,4.3767,5.432572857900099,1408,1,318056764,11858.939746457869,50825.22,1.1872963200435898e-07,2h 5m,117d 8h ago,2026-04-23T23:37:15Z,https://wandb.ai/jchud-stanford-university/hernandez-replication/runs/ohf0snug
olive-sweep-8,finished,palnm9f1,"63M nr=[1,13,51,193,373,719,2682,10000]",63M,repeated,10000,10%,top,0.25,4.888571262359619,4.3058,5.348784271635711,1389,1,319788484,3197.88484,50482.93,3.387372766407629e-07,2h 6m,117d 8h ago,2026-04-23T23:38:16Z,https://wandb.ai/jchud-stanford-university/hernandez-replication/runs/z5g5vd2l
mirror_z85i9zlm,finished,x5tgodji,"34M nr=[99,193,373,719,1388,2682]",34M,repeated,373,10%,top,2,4.625173568725586,4.3336,5.160931091818799,4187,1,1362673335,365327.971849866,81676.904,3.3985558775291065e-08,N/A,N/A,2026-04-24T03:43:17Z,https://wandb.ai/jchud-stanford-university/hernandez-replication/runs/mirror_z85i9zlm
mirror_r94346gk,finished,fptuexnn,"344M nr=[75,120,175]",344M,repeated,120,10%,top,1,3.013617753982544,2.7151,3.2655968441207865,12405,1,6880558378,5733798.648333334,189757.263,1.0209549211784374e-09,N/A,N/A,2026-04-24T06:26:01Z,https://wandb.ai/jchud-stanford-university/hernandez-replication/runs/mirror_r94346gk
mirror_bsfl0jr0,finished,g16hy5ss,"153M nr=[1,99,193,373,2682]",153M,repeated,99,10%,top,2,3.2802395820617676,3.1077,3.6469892148397416,12790,1,6124416798,6186279.593939395,121803.874,6.725471840484074e-09,N/A,N/A,2026-04-24T07:15:07Z,https://wandb.ai/jchud-stanford-university/hernandez-replication/runs/mirror_bsfl0jr0
mirror_fwg8a7yn,finished,x5tgodji,"34M nr=[99,193,373,719,1388,2682]",34M,repeated,719,10%,top,2,4.685102939605713,4.3128,5.120314022602144,4191,1,1363786491,189678.2324061196,83206.789,5.8012826126687325e-08,N/A,N/A,2026-04-24T08:38:02Z,https://wandb.ai/jchud-stanford-university/hernandez-replication/runs/mirror_fwg8a7yn
ethereal-sweep-1,finished,ty7m93l8,"344M nr=[1,193]",344M,non-repeated,1,10%,top,1,2.9349639415740967,2.9283,3.3954238724180135,13671,1,6880455188,688045518.8000001,42529.158,1.1303283512308604e-08,46h 4m,115d 3h ago,2026-04-24T08:40:00Z,https://wandb.ai/jchud-stanford-university/hernandez-replication/runs/x44ip5wb
mirror_jcgzqgwv,finished,x5tgodji,"34M nr=[99,193,373,719,1388,2682]",34M,repeated,1388,10%,top,2,4.674317359924316,4.2446,5.0555213536738215,4190,1,1363646052,98245.39279538907,77826.16,5.1388648316039737e-08,N/A,N/A,2026-04-24T13:27:20Z,https://wandb.ai/jchud-stanford-university/hernandez-replication/runs/mirror_jcgzqgwv
mirror_r9p0thr6,finished,2hjv1ph9,"93M nr=[1,99,193,373,2682]",93M,non-repeated,1,10%,top,2,3.520303964614868,3.5199,4.08806549753352,8701,1,3722761195,372276119.5,65426.834,2.1267087011070163e-10,N/A,N/A,2026-04-24T15:53:43Z,https://wandb.ai/jchud-stanford-university/hernandez-replication/runs/mirror_r9p0thr6
mirror_dvuapy7b,finished,fptuexnn,"344M nr=[75,120,175]",344M,repeated,175,10%,top,1,3.0105068683624268,2.6976,3.242337353004498,12407,1,6880483459,3931704.8337142863,188954.395,1.8146648160040302e-09,N/A,N/A,2026-04-24T16:58:59Z,https://wandb.ai/jchud-stanford-university/hernandez-replication/runs/mirror_dvuapy7b
mirror_pwp3vzu6,finished,x5tgodji,"34M nr=[99,193,373,719,1388,2682]",34M,repeated,2682,10%,top,2,4.637641429901123,4.2004,4.990902007165152,4202,1,1363757482,50848.526547352725,86487.987,1.7970021113647944e-09,N/A,N/A,2026-04-24T18:38:25Z,https://wandb.ai/jchud-stanford-university/hernandez-replication/runs/mirror_pwp3vzu6
mirror_5fnw6qxx,finished,g16hy5ss,"153M nr=[1,99,193,373,2682]",153M,repeated,193,10%,top,2,3.305934190750122,2.9875,3.555848242857049,12785,1,6124628002,3173382.384455959,113394.679,3.181326536961833e-09,N/A,N/A,2026-04-24T21:39:42Z,https://wandb.ai/jchud-stanford-university/hernandez-replication/runs/mirror_5fnw6qxx
mirror_sqer07ch,finished,kksm2h8b,"48M nr=[3,13,51,99,193,373,719,1388,2682]",48M,repeated,3,10%,top,2,4.0844221115112305,4.0734,4.762194029081852,5450,1,1920190481,64006349.366666675,114316.042,1.2414822540616676e-10,N/A,N/A,2026-04-24T23:36:04Z,https://wandb.ai/jchud-stanford-university/hernandez-replication/runs/mirror_sqer07ch
mirror_x6ju0qit,finished,lhx7v3wg,344M nr=[373],344M,repeated,373,10%,top,1,2.997225761413574,2.6954,3.209545818672291,12396,1,6880684231,1844687.4613941018,189670.438,6.274691277898233e-08,N/A,N/A,2026-04-25T03:41:50Z,https://wandb.ai/jchud-stanford-university/hernandez-replication/runs/mirror_x6ju0qit
mirror_f8lit1mv,finished,kksm2h8b,"48M nr=[3,13,51,99,193,373,719,1388,2682]",48M,repeated,13,10%,top,2,4.089198589324951,4.0757,4.762223756260809,5448,1,1920191675,14770705.192307692,113960.397,7.157324569510879e-08,N/A,N/A,2026-04-25T04:32:13Z,https://wandb.ai/jchud-stanford-university/hernandez-replication/runs/mirror_f8lit1mv
mirror_phzplp7s,finished,2hjv1ph9,"93M nr=[1,99,193,373,2682]",93M,repeated,99,10%,top,2,3.5649383068084717,3.4741,4.06027238018978,8685,1,3722809014,3760413.145454546,53476.33,6.4555222275610806e-09,N/A,N/A,2026-04-25T08:08:18Z,https://wandb.ai/jchud-stanford-university/hernandez-replication/runs/mirror_phzplp7s
mirror_9x525ver,finished,kksm2h8b,"48M nr=[3,13,51,99,193,373,719,1388,2682]",48M,repeated,51,10%,top,2,4.098667144775391,4.0713,4.753449479088891,5441,1,1920242353,3765181.0843137256,113981.37,3.6010415506496876e-08,N/A,N/A,2026-04-25T09:32:20Z,https://wandb.ai/jchud-stanford-university/hernandez-replication/runs/mirror_9x525ver
mirror_6l9wpqhq,finished,g16hy5ss,"153M nr=[1,99,193,373,2682]",153M,repeated,373,10%,top,2,3.297304391860962,2.9723,3.5131067132038867,12772,1,6124693410,1642008.9571045577,127735.48,1.3938364093112172e-08,N/A,N/A,2026-04-25T12:51:07Z,https://wandb.ai/jchud-stanford-university/hernandez-replication/runs/mirror_6l9wpqhq
mirror_1pf29hce,finished,m7ffrkei,"344M nr=[95,110,130,150]",344M,repeated,95,10%,top,1,3.0124576091766357,2.7286,3.2847405241814034,12418,1,6880454861,7242584.064210527,189755.817,1.0217279919941002e-08,N/A,N/A,2026-04-25T14:15:49Z,https://wandb.ai/jchud-stanford-university/hernandez-replication/runs/mirror_1pf29hce
mirror_cqyu17yf,finished,kksm2h8b,"48M nr=[3,13,51,99,193,373,719,1388,2682]",48M,repeated,99,10%,top,2,4.112186431884766,4.0489,4.744839540555953,5436,1,1920219347,1939615.502020202,115675.386,1.7976047790049755e-08,N/A,N/A,2026-04-25T14:15:58Z,https://wandb.ai/jchud-stanford-university/hernandez-replication/runs/mirror_cqyu17yf
logical-sweep-2,finished,9aqpmgme,"63M nr=[13,51,193,373,719,2682,10000]",63M,repeated,51,10%,top,4,3.705129861831665,3.6898,4.226328782923679,10511,1,5029886416,9862522.384313727,65918.056,5.458759831243796e-09,21h 37m,114d 17h ago,2026-04-25T19:09:48Z,https://wandb.ai/jchud-stanford-university/hernandez-replication/runs/qgfskyd2
wobbly-sweep-3,finished,9aqpmgme,"63M nr=[13,51,193,373,719,2682,10000]",63M,repeated,193,10%,top,4,3.755620241165161,3.6444,4.1989817910931135,10498,1,5029924738,2606178.6207253886,66237.467,2.1886960502681503e-08,21h 57m,114d 17h ago,2026-04-25T19:09:54Z,https://wandb.ai/jchud-stanford-university/hernandez-replication/runs/ih84wcur
efficient-sweep-4,finished,9aqpmgme,"63M nr=[13,51,193,373,719,2682,10000]",63M,repeated,373,10%,top,4,3.814769983291626,3.4818,4.09906738191099,10494,1,5029970606,1348517.5887399465,66074.639,1.521017432913562e-08,22h 1m,114d 17h ago,2026-04-25T19:09:59Z,https://wandb.ai/jchud-stanford-university/hernandez-replication/runs/e60jxvot
honest-sweep-5,finished,9aqpmgme,"63M nr=[13,51,193,373,719,2682,10000]",63M,repeated,719,10%,top,4,3.822969913482666,3.4463,4.051404390651735,10511,1,5030365272,699633.5566063978,66068.999,5.458759831243796e-09,21h 50m,114d 17h ago,2026-04-25T19:10:05Z,https://wandb.ai/jchud-stanford-university/hernandez-replication/runs/05u76tnq
daily-sweep-6,finished,9aqpmgme,"63M nr=[13,51,193,373,719,2682,10000]",63M,repeated,2682,10%,top,4,3.7774059772491455,3.3682,3.988688638026233,10479,1,5033359177,187671.85596569726,66116.372,9.533636255097203e-10,22h 12m,114d 17h ago,2026-04-25T19:10:10Z,https://wandb.ai/jchud-stanford-university/hernandez-replication/runs/7gsedjf9
firm-sweep-7,finished,9aqpmgme,"63M nr=[13,51,193,373,719,2682,10000]",63M,repeated,10000,10%,top,4,3.734148979187012,3.3427,3.93080914959364,10501,1,5030177242,50301.77242,66671.271,1.5192142578656914e-10,23h 17m,114d 15h ago,2026-04-25T19:10:16Z,https://wandb.ai/jchud-stanford-university/hernandez-replication/runs/dqftegkk
mirror_3c10ss6y,finished,kksm2h8b,"48M nr=[3,13,51,99,193,373,719,1388,2682]",48M,repeated,193,10%,top,2,4.166318893432617,3.9998,4.715428817123502,5452,1,1920310223,994979.3901554404,113041.108,1.1168212802484271e-09,N/A,N/A,2026-04-25T19:12:15Z,https://wandb.ai/jchud-stanford-university/hernandez-replication/runs/mirror_3c10ss6y
mirror_mxa919dj,finished,kksm2h8b,"48M nr=[3,13,51,99,193,373,719,1388,2682]",48M,repeated,373,10%,top,2,4.217250823974609,3.88,4.631092580323367,5432,1,1920489802,514876.6225201073,113100.883,8.00041867635059e-09,N/A,N/A,2026-04-26T00:10:53Z,https://wandb.ai/jchud-stanford-university/hernandez-replication/runs/mirror_mxa919dj
mirror_xh6m969j,finished,m7ffrkei,"344M nr=[95,110,130,150]",344M,repeated,110,10%,top,1,3.014312267303467,2.7245,3.2733437933910285,12410,1,6880523038,6255020.943636364,189647.804,3.4287759121527293e-09,N/A,N/A,2026-04-26T00:27:55Z,https://wandb.ai/jchud-stanford-university/hernandez-replication/runs/mirror_xh6m969j
mirror_bkpd0pyf,finished,g16hy5ss,"153M nr=[1,99,193,373,2682]",153M,repeated,2682,10%,top,2,3.2484779357910156,2.9427,3.442556310063654,12785,1,6125468674,228391.82229679343,126725.244,3.181326536961833e-09,N/A,N/A,2026-04-26T02:43:42Z,https://wandb.ai/jchud-stanford-university/hernandez-replication/runs/mirror_bkpd0pyf
mirror_nm1jorow,finished,2hjv1ph9,"93M nr=[1,99,193,373,2682]",93M,repeated,193,10%,top,2,3.621902704238891,3.2855,3.9699659135362255,8675,1,3722889045,1928958.054404145,86020.807,5.3474604009162756e-11,N/A,N/A,2026-04-26T03:50:59Z,https://wandb.ai/jchud-stanford-university/hernandez-replication/runs/mirror_nm1jorow
mirror_cixhqd3b,finished,kksm2h8b,"48M nr=[3,13,51,99,193,373,719,1388,2682]",48M,repeated,719,10%,top,2,4.231802463531494,3.8355,4.5877297166210775,5437,1,1920677187,267131.7367176635,111970.037,2.1087165722384457e-08,N/A,N/A,2026-04-26T04:59:16Z,https://wandb.ai/jchud-stanford-university/hernandez-replication/runs/mirror_cixhqd3b
usual-sweep-2,finished,ty7m93l8,"344M nr=[1,193]",344M,repeated,193,10%,top,1,3.007398843765259,2.7018,3.2228036694287625,13644,1,6880467220,3565008.922279793,41210.147,4.7473274011765816e-08,47h 27m,113d 4h ago,2026-04-26T06:45:04Z,https://wandb.ai/jchud-stanford-university/hernandez-replication/runs/uq2spik6
mirror_wvfjp421,finished,kksm2h8b,"48M nr=[3,13,51,99,193,373,719,1388,2682]",48M,repeated,1388,10%,top,2,4.217118740081787,3.8287,4.553058296409053,5422,1,1920278513,138348.59603746398,112508.814,6.637129562066592e-08,N/A,N/A,2026-04-26T10:09:30Z,https://wandb.ai/jchud-stanford-university/hernandez-replication/runs/mirror_wvfjp421
mirror_vxle1zx5,finished,m7ffrkei,"344M nr=[95,110,130,150]",344M,repeated,130,10%,top,1,3.0135443210601807,2.7104,3.260765344493189,12403,1,6880592179,5292763.214615385,187222.923,4.5394076694978845e-10,N/A,N/A,2026-04-26T11:00:12Z,https://wandb.ai/jchud-stanford-university/hernandez-replication/runs/mirror_vxle1zx5
mirror_efz5cbs4,finished,kksm2h8b,"48M nr=[3,13,51,99,193,373,719,1388,2682]",48M,repeated,2682,10%,top,2,4.19206428527832,3.7636,4.503353372413736,5432,1,1925633097,71798.40033557048,112575.21,8.00041867635059e-09,N/A,N/A,2026-04-26T15:08:14Z,https://wandb.ai/jchud-stanford-university/hernandez-replication/runs/mirror_efz5cbs4
mirror_5byq86fe,finished,2hjv1ph9,"93M nr=[1,99,193,373,2682]",93M,repeated,373,10%,top,2,3.627678394317627,3.2855,3.9108552869175583,8702,1,3723499595,998257.264075067,98083.292,4.783719441075664e-10,N/A,N/A,2026-04-26T16:15:21Z,https://wandb.ai/jchud-stanford-university/hernandez-replication/runs/mirror_5byq86fe
mirror_gneaq9kd,finished,6oykbvxg,"93M nr=[1,99,193,373,2682]",93M,non-repeated,1,10%,top,4,3.411100387573242,3.4101,3.8805815696845234,14794,1,7445536004,744553600.4000001,204285.899,8.059813638237953e-09,N/A,N/A,2026-04-26T16:32:33Z,https://wandb.ai/jchud-stanford-university/hernandez-replication/runs/mirror_gneaq9kd
mirror_057vs2gz,finished,x5mtrra5,"48M nr=[3,13,51,99,193,373,719,1388,2682]",48M,repeated,3,10%,top,4,3.9166393280029297,3.9098,4.4865279872512565,8974,1,3840378056,128012601.86666667,122822.662,3.1361530551796664e-08,N/A,N/A,2026-04-26T20:06:55Z,https://wandb.ai/jchud-stanford-university/hernandez-replication/runs/mirror_057vs2gz
mirror_bu40pqsm,finished,m7ffrkei,"344M nr=[95,110,130,150]",344M,repeated,150,10%,top,1,3.1454765796661377,2.7776,,7700,0.6206048882709706,4270434318,2846956.2120000003,128775.391,0.000520537335619915,N/A,N/A,2026-04-26T21:29:49Z,https://wandb.ai/jchud-stanford-university/hernandez-replication/runs/mirror_bu40pqsm
mirror_v02bwqyx,finished,2hjv1ph9,"93M nr=[1,99,193,373,2682]",93M,repeated,2682,10%,top,2,3.578310966491699,3.2232,3.826421343730809,8657,1,3727193285,138970.6668530947,107859.218,3.4372131700425843e-09,N/A,N/A,2026-04-27T02:58:48Z,https://wandb.ai/jchud-stanford-university/hernandez-replication/runs/mirror_v02bwqyx
mirror_t0rptst4,finished,6oykbvxg,"93M nr=[1,99,193,373,2682]",93M,repeated,99,10%,top,4,3.4371349811553955,3.3867,3.86417097291158,14782,1,7445557144,7520764.791919193,203899.954,1.2917547433407654e-09,N/A,N/A,2026-04-27T02:58:54Z,https://wandb.ai/jchud-stanford-university/hernandez-replication/runs/mirror_t0rptst4
mirror_0hr2fwev,finished,x5mtrra5,"48M nr=[3,13,51,99,193,373,719,1388,2682]",48M,repeated,13,10%,top,4,3.919445753097534,3.9102,4.487150222441654,8974,1,3840379467,29541380.51538462,121768.831,3.1361530551796664e-08,N/A,N/A,2026-04-27T05:13:41Z,https://wandb.ai/jchud-stanford-university/hernandez-replication/runs/mirror_0hr2fwev
mirror_6ntwxms4,finished,jjpbl2qk,"344M nr=[85,105,140,160]",344M,repeated,85,10%,top,1,3.0538206100463867,2.7574,,8950,0.7209892455794095,4961328540,5836857.105882353,128146.045,0.0003073059508604474,N/A,N/A,2026-04-27T07:09:48Z,https://wandb.ai/jchud-stanford-university/hernandez-replication/runs/mirror_6ntwxms4
mirror_ges64qvr,finished,g93eep0c,34M nr=[99],34M,repeated,99,10%,top,2,4.521414756774902,4.4727,5.227883476206413,4196,1,1362481411,1376243.8494949494,80141.415,9.692359068538817e-08,N/A,N/A,2026-04-27T13:12:26Z,https://wandb.ai/jchud-stanford-university/hernandez-replication/runs/mirror_ges64qvr
mirror_7oscjc01,finished,6oykbvxg,"93M nr=[1,99,193,373,2682]",93M,repeated,193,10%,top,4,3.496755838394165,3.2842,3.812602317733599,14768,1,7445625310,3857836.9481865284,203231.754,7.299866171334546e-09,N/A,N/A,2026-04-27T13:46:29Z,https://wandb.ai/jchud-stanford-university/hernandez-replication/runs/mirror_7oscjc01
mirror_z7wo8q5o,finished,x5mtrra5,"48M nr=[3,13,51,99,193,373,719,1388,2682]",48M,repeated,51,10%,top,4,3.9268367290496826,3.9065,4.482422717321912,8967,1,3840401156,7530198.34509804,119963.997,1.6285105253964555e-08,N/A,N/A,2026-04-27T14:03:53Z,https://wandb.ai/jchud-stanford-university/hernandez-replication/runs/mirror_z7wo8q5o
mirror_w28vzgzw,finished,koufts95,"93M nr=[50,130,250,500,1000]",93M,repeated,50,10%,top,2,3.5388875007629395,3.499,4.075455537342057,8693,1,3722789278,7445578.556,92705.848,1.9226564448471223e-08,N/A,N/A,2026-04-27T18:12:53Z,https://wandb.ai/jchud-stanford-university/hernandez-replication/runs/mirror_w28vzgzw
mirror_rowhrv4n,finished,jjpbl2qk,"344M nr=[85,105,140,160]",344M,repeated,105,10%,top,1,12.047425270080566,6.2832,,350,0.028201357693934698,193827171,184597.30571428573,105510.507,0.00015910603798938362,N/A,N/A,2026-04-27T18:13:02Z,https://wandb.ai/jchud-stanford-university/hernandez-replication/runs/mirror_rowhrv4n
mirror_8xk6tm8e,finished,jjpbl2qk,"344M nr=[85,105,140,160]",344M,repeated,140,10%,top,1,3.5759663581848145,3.3485,,2600,0.20965628464872493,1442571678,1030408.3414285715,125779.67,0.001131582839302944,N/A,N/A,2026-04-27T19:03:57Z,https://wandb.ai/jchud-stanford-university/hernandez-replication/runs/mirror_8xk6tm8e
mirror_7j455rwy,finished,jjpbl2qk,"344M nr=[85,105,140,160]",344M,repeated,160,10%,top,1,3.2550878524780273,2.9338,,4750,0.3828483920367534,2636025555,1647515.971875,127941.931,0.0009924042670416628,N/A,N/A,2026-04-27T22:23:06Z,https://wandb.ai/jchud-stanford-university/hernandez-replication/runs/mirror_7j455rwy
mirror_6rd9e2r9,finished,x5mtrra5,"48M nr=[3,13,51,99,193,373,719,1388,2682]",48M,repeated,99,10%,top,4,3.935405969619751,3.8978,4.476272026493768,8959,1,3840397737,3879189.633333334,119213.322,5.03470427417645e-09,N/A,N/A,2026-04-27T23:13:34Z,https://wandb.ai/jchud-stanford-university/hernandez-replication/runs/mirror_6rd9e2r9
mirror_9zb0nbak,finished,6oykbvxg,"93M nr=[1,99,193,373,2682]",93M,repeated,373,10%,top,4,,,,,,,,,,N/A,N/A,2026-04-28T00:21:57Z,https://wandb.ai/jchud-stanford-university/hernandez-replication/runs/mirror_9zb0nbak
mirror_1f89z4wo,finished,koufts95,"93M nr=[50,130,250,500,1000]",93M,repeated,130,10%,top,2,11.977140426635742,,,0,0,0,,,,N/A,N/A,2026-04-28T05:35:14Z,https://wandb.ai/jchud-stanford-university/hernandez-replication/runs/mirror_1f89z4wo
mirror_ammri67w,finished,koufts95,"93M nr=[50,130,250,500,1000]",93M,repeated,250,10%,top,2,3.6293203830718994,3.2886,3.941319637784155,8681,1,3723222505,1489289.002,58715.141,2.6172355943984803e-09,N/A,N/A,2026-04-28T05:52:17Z,https://wandb.ai/jchud-stanford-university/hernandez-replication/runs/mirror_ammri67w
mirror_tc28el6s,finished,x5mtrra5,"48M nr=[3,13,51,99,193,373,719,1388,2682]",48M,repeated,193,10%,top,4,3.961334705352783,3.8797,4.463688209188644,8955,1,3840747962,1990024.8507772023,122361.894,1.8140137158824374e-09,N/A,N/A,2026-04-28T08:32:48Z,https://wandb.ai/jchud-stanford-university/hernandez-replication/runs/mirror_tc28el6s
mirror_zlcaixa6,finished,x5mtrra5,"48M nr=[3,13,51,99,193,373,719,1388,2682]",48M,repeated,373,10%,top,4,4.0350141525268555,3.7313,4.383247279376622,8970,1,3840792377,1029703.0501340483,121367.813,2.2147266980897748e-08,N/A,N/A,2026-04-28T17:36:26Z,https://wandb.ai/jchud-stanford-university/hernandez-replication/runs/mirror_zlcaixa6
vibrant-sweep-3,finished,zqn8nqvu,"344M nr=[140,150,160]",344M,repeated,160,10%,top,1,3.0100009441375732,2.7073,3.2321230652463675,13648,1,6880491809,4300307.380625,42839.104,5.6256990203472166e-08,46h 47m,110d 16h ago,2026-04-28T18:58:51Z,https://wandb.ai/jchud-stanford-university/hernandez-replication/runs/i76ngvpf
dulcet-sweep-1,finished,vfof52mb,34M nr=[75],34M,repeated,75,10%,top,2,4.511798858642578,4.4683,5.229542681513854,4155,1,1362552694,1816736.9253333334,55164.918,7.348906031119779e-09,8h 12m,112d 6h ago,2026-04-28T19:23:40Z,https://wandb.ai/jchud-stanford-university/hernandez-replication/runs/vtjjvw9t
mirror_wx2k8y72,finished,z99hsql2,"344M nr=[90,100,115,125]",344M,repeated,125,10%,top,1,,,,,,,,,,N/A,N/A,2026-04-28T19:32:33Z,https://wandb.ai/jchud-stanford-university/hernandez-replication/runs/mirror_wx2k8y72
mirror_ns7mllk1,finished,ugj1omy1,"344M nr=[90,100,115,125]",344M,repeated,90,10%,top,1,3.012929677963257,2.7205,3.290422177806343,12416,1,6880370104,7644855.671111112,172635.513,8.182783907177537e-09,N/A,N/A,2026-04-28T19:50:57Z,https://wandb.ai/jchud-stanford-university/hernandez-replication/runs/mirror_ns7mllk1
mirror_bjnhhqva,finished,koufts95,"93M nr=[50,130,250,500,1000]",93M,repeated,500,10%,top,2,3.6201460361480713,3.2508,3.8936783524990135,8693,1,3722825132,744565.0264000001,49551.659,1.9226564448471223e-08,N/A,N/A,2026-04-29T00:07:33Z,https://wandb.ai/jchud-stanford-university/hernandez-replication/runs/mirror_bjnhhqva
mirror_qyl9piel,finished,x5mtrra5,"48M nr=[3,13,51,99,193,373,719,1388,2682]",48M,repeated,719,10%,top,4,4.059927463531494,3.6854,4.317489034029441,8942,1,3840842590,534192.2934631433,121690.564,1.637629936630296e-08,N/A,N/A,2026-04-29T02:36:21Z,https://wandb.ai/jchud-stanford-university/hernandez-replication/runs/mirror_qyl9piel
still-sweep-1,finished,4fk6irs0,48M nr=[373],48M,repeated,373,10%,top,4,4.028298377990723,3.727,4.38133086392712,8970,1,3840774736,1029698.3206434317,81639.457,2.2147266980897748e-08,14h 25m,111d 16h ago,2026-04-29T03:46:05Z,https://wandb.ai/jchud-stanford-university/hernandez-replication/runs/2hlonhki
mirror_r6znaxdp,finished,uebor530,"153M nr=[80,373]",153M,repeated,80,10%,top,2,3.257265090942383,3.1396,3.674741166578074,12158,1,6124489292,7655611.615,239556.402,2.3551626874852102e-09,N/A,N/A,2026-04-29T07:10:52Z,https://wandb.ai/jchud-stanford-university/hernandez-replication/runs/mirror_r6znaxdp
mirror_52ck0qcs,finished,x5mtrra5,"48M nr=[3,13,51,99,193,373,719,1388,2682]",48M,repeated,1388,10%,top,4,4.056561470031738,3.6526,4.289557556397876,8949,1,3842736330,276854.20244956773,120755.539,3.1537002113222054e-08,N/A,N/A,2026-04-29T11:43:55Z,https://wandb.ai/jchud-stanford-university/hernandez-replication/runs/mirror_52ck0qcs
mirror_8prkh0va,finished,uebor530,"153M nr=[80,373]",153M,repeated,373,10%,top,2,3.3000683784484863,2.9684,3.5241531484313526,12133,1,6124668301,1642002.225469169,239467.426,2.3648786879929326e-09,N/A,N/A,2026-04-29T14:52:04Z,https://wandb.ai/jchud-stanford-university/hernandez-replication/runs/mirror_8prkh0va
mirror_wejuoakf,finished,x5mtrra5,"48M nr=[3,13,51,99,193,373,719,1388,2682]",48M,repeated,2682,10%,top,4,4.027027130126953,3.6239,4.254455012163239,8920,1,3841145906,143219.4595824012,121803.878,2.2396248827642057e-08,N/A,N/A,2026-04-29T20:41:24Z,https://wandb.ai/jchud-stanford-university/hernandez-replication/runs/mirror_wejuoakf
treasured-sweep-1,finished,nphlikm0,48M nr=[2500],48M,repeated,2500,10%,top,4,4.024959087371826,3.6244,4.257594261173705,8931,1,3844337527,153773.50108000002,81707.484,2.482917651270593e-09,16h 4m,110d 21h ago,2026-04-29T21:18:47Z,https://wandb.ai/jchud-stanford-university/hernandez-replication/runs/nxul3u9x
mirror_egfb0no5,finished,koufts95,"93M nr=[50,130,250,500,1000]",93M,repeated,1000,10%,top,2,3.601954936981201,3.2271,3.8639638092125534,8666,1,3722924378,372292.4378,56809.579,1.5489775086028563e-08,N/A,N/A,2026-04-29T21:32:22Z,https://wandb.ai/jchud-stanford-university/hernandez-replication/runs/mirror_egfb0no5
mirror_mac0k4at,finished,qbf9do3j,153M nr=[500],153M,repeated,500,10%,top,2,3.291771650314331,2.9513,3.509196886460739,12145,1,6124973197,1224994.6394,236840.253,1.2848920388083189e-08,N/A,N/A,2026-04-29T22:40:43Z,https://wandb.ai/jchud-stanford-university/hernandez-replication/runs/mirror_mac0k4at
mirror_1w74j75u,finished,7jg72w7f,"93M nr=[373,500]",93M,repeated,500,10%,top,4,,,,,,,,,,N/A,N/A,2026-04-30T05:56:54Z,https://wandb.ai/jchud-stanford-university/hernandez-replication/runs/mirror_1w74j75u
mirror_tz4ebswk,finished,yatm1btr,153M nr=[1000],153M,repeated,1000,10%,top,2,3.273080348968506,2.9454,3.4839914203317957,12152,1,6124635471,612463.5471,239141.046,2.6195417155963604e-10,N/A,N/A,2026-04-30T06:13:42Z,https://wandb.ai/jchud-stanford-university/hernandez-replication/runs/mirror_tz4ebswk
mirror_tka1f6lt,finished,mpxnwku2,"34M nr=[1,13,51,193,719,2682]",34M,non-repeated,1,10%,top,4,,,,,,,,,,N/A,N/A,2026-04-30T06:30:32Z,https://wandb.ai/jchud-stanford-university/hernandez-replication/runs/mirror_tka1f6lt
mirror_16niizc5,finished,mpxnwku2,"34M nr=[1,13,51,193,719,2682]",34M,repeated,13,10%,top,4,,,,,,,,,,N/A,N/A,2026-04-30T06:30:41Z,https://wandb.ai/jchud-stanford-university/hernandez-replication/runs/mirror_16niizc5
mirror_j3j8ld1b,finished,mpxnwku2,"34M nr=[1,13,51,193,719,2682]",34M,repeated,51,10%,top,4,,,,,,,,,,N/A,N/A,2026-04-30T06:30:47Z,https://wandb.ai/jchud-stanford-university/hernandez-replication/runs/mirror_j3j8ld1b
mirror_42amgm87,finished,mpxnwku2,"34M nr=[1,13,51,193,719,2682]",34M,repeated,193,10%,top,4,,,,,,,,,,N/A,N/A,2026-04-30T06:30:54Z,https://wandb.ai/jchud-stanford-university/hernandez-replication/runs/mirror_42amgm87
mirror_okhx8zpt,finished,mpxnwku2,"34M nr=[1,13,51,193,719,2682]",34M,repeated,719,10%,top,4,,,,,,,,,,N/A,N/A,2026-04-30T06:48:14Z,https://wandb.ai/jchud-stanford-university/hernandez-replication/runs/mirror_okhx8zpt
mirror_ecrs0s2e,finished,mpxnwku2,"34M nr=[1,13,51,193,719,2682]",34M,repeated,2682,10%,top,4,,,,,,,,,,N/A,N/A,2026-04-30T06:48:21Z,https://wandb.ai/jchud-stanford-university/hernandez-replication/runs/mirror_ecrs0s2e
mirror_jw1x1ane,finished,rtco30uq,48M nr=[5000],48M,repeated,5000,10%,top,2,4.16969633102417,3.7446,4.4723333310281665,5429,1,1924015211,38480.304220000005,113507.487,3.128047865173359e-09,N/A,N/A,2026-04-30T06:48:28Z,https://wandb.ai/jchud-stanford-university/hernandez-replication/runs/mirror_jw1x1ane
mirror_qozfy8a5,finished,k45bk6vk,63M nr=[1000],63M,repeated,1000,10%,top,2,,,,,,,,,,N/A,N/A,2026-04-30T12:00:36Z,https://wandb.ai/jchud-stanford-university/hernandez-replication/runs/mirror_qozfy8a5
mirror_pn1ukfqn,finished,j65np4ck,48M nr=[10000],48M,repeated,10000,10%,top,2,4.151135444641113,3.7342,4.432204383464263,5418,1,1929610316,19296.103160000002,113980.503,4.5356134713137925e-08,N/A,N/A,2026-04-30T12:17:04Z,https://wandb.ai/jchud-stanford-university/hernandez-replication/runs/mirror_pn1ukfqn
mirror_17ygxyb4,finished,mf6r357d,"93M nr=[1,99,193,2682]",93M,non-repeated,1,10%,top,4,3.4110422134399414,3.4103,3.881042019167317,14794,1,7445536004,744553600.4000001,373688.421,8.059813638237953e-09,N/A,N/A,2026-04-30T13:40:28Z,https://wandb.ai/jchud-stanford-university/hernandez-replication/runs/mirror_17ygxyb4
mirror_rsihi2jj,finished,pcte1zbk,93M nr=[2000],93M,repeated,2000,10%,top,4,,,,,,,,,,N/A,N/A,2026-04-30T16:59:18Z,https://wandb.ai/jchud-stanford-university/hernandez-replication/runs/mirror_rsihi2jj
mirror_zz2qis5l,finished,nclu1413,63M nr=[1000],63M,repeated,1000,10%,top,4,,,,,,,,,,N/A,N/A,2026-04-30T17:17:53Z,https://wandb.ai/jchud-stanford-university/hernandez-replication/runs/mirror_zz2qis5l
mirror_4ngx7g1d,finished,iv6g2bb6,153M nr=[130],153M,repeated,130,10%,top,2,3.2974863052368164,3.0121,3.597018323779274,12786,1,6124427096,4711097.766153846,66399.644,3.786040813933533e-09,N/A,N/A,2026-04-30T17:17:59Z,https://wandb.ai/jchud-stanford-university/hernandez-replication/runs/mirror_4ngx7g1d
mirror_mt3lhx54,finished,nf50ghdn,"93M nr=[60,130,250,700,1500]",93M,repeated,60,10%,top,4,,,,,,,,,,N/A,N/A,2026-04-30T18:09:44Z,https://wandb.ai/jchud-stanford-university/hernandez-replication/runs/mirror_mt3lhx54
mirror_rxcs56fv,finished,nf50ghdn,"93M nr=[60,130,250,700,1500]",93M,repeated,130,10%,top,4,,,,,,,,,,N/A,N/A,2026-04-30T18:26:53Z,https://wandb.ai/jchud-stanford-university/hernandez-replication/runs/mirror_rxcs56fv
mirror_xz70hec0,finished,cd0gu1k9,"93M nr=[60,130,250,700,1500]",93M,repeated,60,10%,top,4,,,,,,,,,,N/A,N/A,2026-04-30T18:27:03Z,https://wandb.ai/jchud-stanford-university/hernandez-replication/runs/mirror_xz70hec0
mirror_pgf1vrrf,finished,cd0gu1k9,"93M nr=[60,130,250,700,1500]",93M,repeated,130,10%,top,4,,,,,,,,,,N/A,N/A,2026-04-30T18:43:49Z,https://wandb.ai/jchud-stanford-university/hernandez-replication/runs/mirror_pgf1vrrf
mirror_bchc1iwd,finished,gddcwijv,"93M nr=[60,130,250,700,1500]",93M,repeated,60,10%,top,4,3.4253358840942383,3.3885,3.8692267581658246,14787,1,7445561352,12409268.92,89812.941,3.408731256360464e-09,N/A,N/A,2026-04-30T19:00:22Z,https://wandb.ai/jchud-stanford-university/hernandez-replication/runs/mirror_bchc1iwd
mirror_a8fh3mbq,finished,mf6r357d,"93M nr=[1,99,193,2682]",93M,repeated,99,10%,top,4,,,,,,,,,,N/A,N/A,2026-04-30T19:33:18Z,https://wandb.ai/jchud-stanford-university/hernandez-replication/runs/mirror_a8fh3mbq
mirror_5idefjge,finished,x1y2e9ct,"34M nr=[1,13,51,193,719,2682]",34M,non-repeated,1,10%,top,4,,,,,,,,,,N/A,N/A,2026-04-30T19:33:26Z,https://wandb.ai/jchud-stanford-university/hernandez-replication/runs/mirror_5idefjge
mirror_j3bk7tg2,finished,x1y2e9ct,"34M nr=[1,13,51,193,719,2682]",34M,repeated,13,10%,top,4,11.956697463989258,8.6306,,300,0.04364906154517678,119308822,917760.1692307693,177164.944,0.0002178252070040267,N/A,N/A,2026-04-30T19:33:35Z,https://wandb.ai/jchud-stanford-university/hernandez-replication/runs/mirror_j3bk7tg2
mirror_vp30bztu,finished,x1y2e9ct,"34M nr=[1,13,51,193,719,2682]",34M,repeated,51,10%,top,4,,,,,,,,,,N/A,N/A,2026-04-30T19:33:42Z,https://wandb.ai/jchud-stanford-university/hernandez-replication/runs/mirror_vp30bztu
mirror_ymd5q3cu,finished,x1y2e9ct,"34M nr=[1,13,51,193,719,2682]",34M,repeated,193,10%,top,4,11.956697463989258,,,0,0,0,,,,N/A,N/A,2026-04-30T19:33:49Z,https://wandb.ai/jchud-stanford-university/hernandez-replication/runs/mirror_ymd5q3cu
mirror_rtezgd57,finished,x1y2e9ct,"34M nr=[1,13,51,193,719,2682]",34M,repeated,719,10%,top,4,,,,,,,,,,N/A,N/A,2026-04-30T19:51:04Z,https://wandb.ai/jchud-stanford-university/hernandez-replication/runs/mirror_rtezgd57
mirror_o5bgd5vs,finished,x1y2e9ct,"34M nr=[1,13,51,193,719,2682]",34M,repeated,2682,10%,top,4,,,,,,,,,,N/A,N/A,2026-04-30T19:51:11Z,https://wandb.ai/jchud-stanford-university/hernandez-replication/runs/mirror_o5bgd5vs
mirror_jrn5bijr,finished,uo9eu49p,"93M nr=[373,500,2000]",93M,repeated,373,10%,top,4,3.5234200954437256,3.1832,3.7253258423901823,14761,1,7446220450,1996305.7506702412,381058.52,2.914821656046379e-09,N/A,N/A,2026-04-30T19:51:19Z,https://wandb.ai/jchud-stanford-university/hernandez-replication/runs/mirror_jrn5bijr
visionary-sweep-1,finished,ss7vao9o,63M nr=[1000],63M,repeated,1000,10%,top,4,3.816468954086304,3.4225,4.035976997950605,10480,1,5030151761,503015.17610000004,65682.409,1.3725159723824443e-09,21h 37m,109d 15h ago,2026-04-30T21:32:32Z,https://wandb.ai/jchud-stanford-university/hernandez-replication/runs/3equ3vtc
glad-sweep-1,finished,lh3nrybl,"63M nr=[500,650]",63M,repeated,500,10%,top,4,3.8222835063934326,3.4407,4.0720975694150425,10518,1,5030671871,1006134.3742000001,67290.507,1.3665262977212562e-08,21h 6m,109d 15h ago,2026-04-30T21:32:33Z,https://wandb.ai/jchud-stanford-university/hernandez-replication/runs/nx0zu9am
mirror_s1guqsex,finished,uo9eu49p,"93M nr=[373,500,2000]",93M,repeated,500,10%,top,4,3.523336410522461,3.1738,3.7061322841068023,14762,1,7446452401,1489290.4802,380741.73,3.420287237096508e-09,N/A,N/A,2026-05-01T01:48:16Z,https://wandb.ai/jchud-stanford-university/hernandez-replication/runs/mirror_s1guqsex
mirror_ddeysqle,finished,uo9eu49p,"93M nr=[373,500,2000]",93M,repeated,2000,10%,top,4,3.479048490524292,3.1375,3.6434386446991134,14736,1,7445838147,372291.90735000005,382062.678,2.924720848055602e-09,N/A,N/A,2026-05-01T07:27:39Z,https://wandb.ai/jchud-stanford-university/hernandez-replication/runs/mirror_ddeysqle
happy-sweep-1,finished,edyz45ys,93M nr=[1000],93M,repeated,1000,10%,top,4,3.500800132751465,3.1471,3.670441115345207,14783,1,7445641361,744564.1361,54633.231,1.634600456794329e-09,38h 45m,108d 7h ago,2026-05-01T11:51:03Z,https://wandb.ai/jchud-stanford-university/hernandez-replication/runs/r21a7tg6
azure-sweep-1,finished,umgrlp2r,93M nr=[3000],93M,repeated,3000,10%,top,4,3.4634251594543457,3.1093,3.6241458649644023,14777,1,7445972327,248199.07756666667,55111.604,1.8177602618968302e-10,38h 25m,108d 8h ago,2026-05-01T11:51:04Z,https://wandb.ai/jchud-stanford-university/hernandez-replication/runs/mm93h75w
mirror_js8pce10,finished,rfpiwzg5,"34M nr=[1,13,51,193,719,2682]",34M,non-repeated,1,10%,top,4,4.270070552825928,4.2647,4.900466751376065,6875,1,2724915122,272491512.2,208337.847,8.17060110502406e-11,N/A,N/A,2026-05-01T13:11:59Z,https://wandb.ai/jchud-stanford-university/hernandez-replication/runs/mirror_js8pce10
mirror_b852qo96,finished,rfpiwzg5,"34M nr=[1,13,51,193,719,2682]",34M,repeated,13,10%,top,4,4.271326065063477,4.2617,4.896885436052633,6873,1,2724948812,20961144.707692306,208301.452,4.7096171615776e-08,N/A,N/A,2026-05-01T13:12:08Z,https://wandb.ai/jchud-stanford-university/hernandez-replication/runs/mirror_b852qo96
mirror_8iol6rtq,finished,rfpiwzg5,"34M nr=[1,13,51,193,719,2682]",34M,repeated,51,10%,top,4,4.277060031890869,4.2609,4.893306648778144,6861,1,2724965552,5343069.709803921,208220.768,1.1817129047792806e-08,N/A,N/A,2026-05-01T13:12:14Z,https://wandb.ai/jchud-stanford-university/hernandez-replication/runs/mirror_8iol6rtq
mirror_9pysm3b8,finished,rfpiwzg5,"34M nr=[1,13,51,193,719,2682]",34M,repeated,193,10%,top,4,4.302185535430908,4.2415,4.883218182125667,6859,1,2724939818,1411885.9160621762,208218.552,8.209340938496475e-09,N/A,N/A,2026-05-01T13:12:23Z,https://wandb.ai/jchud-stanford-university/hernandez-replication/runs/mirror_9pysm3b8
mirror_k4edumnl,finished,rfpiwzg5,"34M nr=[1,13,51,193,719,2682]",34M,repeated,719,10%,top,4,4.434632301330566,4.1038,4.782733733355215,6846,1,2725693375,379095.045201669,207733.951,3.989257927510098e-08,N/A,N/A,2026-05-01T16:57:57Z,https://wandb.ai/jchud-stanford-university/hernandez-replication/runs/mirror_k4edumnl
mirror_r4f87zon,finished,rfpiwzg5,"34M nr=[1,13,51,193,719,2682]",34M,repeated,2682,10%,top,4,4.436203479766846,4.0138,4.689946909105185,6857,1,2727368523,101691.59295302014,207881.53,5.257815587942106e-09,N/A,N/A,2026-05-01T16:58:06Z,https://wandb.ai/jchud-stanford-university/hernandez-replication/runs/mirror_r4f87zon
mirror_9bv3c7nc,finished,gddcwijv,"93M nr=[60,130,250,700,1500]",93M,repeated,130,10%,top,4,3.4512007236480713,3.363,3.8549747711158906,14767,1,7445541019,5727339.245384616,90448.281,6.552791147724969e-09,N/A,N/A,2026-05-01T18:28:46Z,https://wandb.ai/jchud-stanford-university/hernandez-replication/runs/mirror_9bv3c7nc
comfy-sweep-1,finished,f9egsn00,93M nr=[4000],93M,repeated,4000,10%,top,4,3.456584215164185,3.1213,3.616660190765777,14739,1,7447864271,186196.606775,54641.796,4.567548994571187e-09,38h 34m,108d 1h ago,2026-05-01T18:31:33Z,https://wandb.ai/jchud-stanford-university/hernandez-replication/runs/ip8dkgrw
autumn-sweep-2,finished,lh3nrybl,"63M nr=[500,650]",63M,repeated,650,10%,top,4,3.822392463684082,3.4509,4.056414745011982,10517,1,5030044958,773853.0704615385,67404.412,1.2267589239137482e-08,21h 8m,108d 18h ago,2026-05-01T18:39:08Z,https://wandb.ai/jchud-stanford-university/hernandez-replication/runs/566w1jha
jolly-sweep-1,finished,s5avmuje,153M nr=[5000],153M,repeated,5000,10%,top,2,3.241095542907715,2.9461,3.4318007947971485,12426,1,6126858289,122537.16578,95279.092,1.1135044007366771e-10,18h 41m,108d 21h ago,2026-05-01T18:40:17Z,https://wandb.ai/jchud-stanford-university/hernandez-replication/runs/n0gnah0c
mirror_zy8ev9j2,finished,7yi7m5p4,153M nr=[283],153M,repeated,283,10%,top,2,3.303215980529785,3.0005,3.5285941709857025,12776,1,6124430712,2164109.792226149,112460.106,1.0533262702664727e-10,N/A,N/A,2026-05-01T18:46:58Z,https://wandb.ai/jchud-stanford-university/hernandez-replication/runs/mirror_zy8ev9j2
mirror_kkpmcwr7,finished,nf50ghdn,"93M nr=[60,130,250,700,1500]",93M,repeated,250,10%,top,4,3.518124580383301,3.2339,,13600,0.9674403479533352,7202773151,2881109.2604,90236.089,4.695011537469917e-06,N/A,N/A,2026-05-01T19:39:07Z,https://wandb.ai/jchud-stanford-university/hernandez-replication/runs/mirror_kkpmcwr7
cerulean-sweep-1,finished,5eqar27f,63M nr=[20000],63M,repeated,20000,10%,top,4,3.721968173980713,3.329,3.8974591247956942,10419,1,5051156356,25255.78178,66720.913,1.5429944182353907e-08,21h 30m,108d 16h ago,2026-05-01T20:41:39Z,https://wandb.ai/jchud-stanford-university/hernandez-replication/runs/gmz0o67c
mirror_3yfmtx2c,finished,uyhozjwt,153M nr=[5000],153M,repeated,5000,10%,top,2,3.241806983947754,2.9365,3.4293507870100046,12753,1,6126858289,122537.16578,44113.33,4.228185368918715e-10,N/A,N/A,2026-05-01T20:48:04Z,https://wandb.ai/jchud-stanford-university/hernandez-replication/runs/mirror_3yfmtx2c
mirror_qx0xdd8z,finished,gddcwijv,"93M nr=[60,130,250,700,1500]",93M,repeated,250,10%,top,4,3.519017457962036,3.2336,3.769374861884235,14761,1,7445779716,2978311.8864,89761.241,2.914821656046379e-09,N/A,N/A,2026-05-02T17:44:57Z,https://wandb.ai/jchud-stanford-university/hernandez-replication/runs/mirror_qx0xdd8z
mirror_n86xgxde,finished,nf50ghdn,"93M nr=[60,130,250,700,1500]",93M,repeated,700,10%,top,4,3.5186970233917236,3.1696,3.696426798016874,14084,1,7446637072,1063805.296,97654.948,2.2232365993468462e-09,N/A,N/A,2026-05-02T18:01:55Z,https://wandb.ai/jchud-stanford-university/hernandez-replication/runs/mirror_n86xgxde
hopeful-sweep-1,finished,4asrm80r,93M nr=[1000],93M,repeated,1000,10%,top,2,3.602799654006958,3.2282,3.865679252513583,8666,1,3722924378,372292.4378,49151.746,1.5489775086028563e-08,21h 51m,107d 16h ago,2026-05-02T20:05:51Z,https://wandb.ai/jchud-stanford-university/hernandez-replication/runs/1ezxzcff
mirror_l1j2pbc9,finished,hga6dejz,34M nr=[10000],34M,repeated,10000,10%,top,4,,,,,,,,,,N/A,N/A,2026-05-02T20:15:32Z,https://wandb.ai/jchud-stanford-university/hernandez-replication/runs/mirror_l1j2pbc9
mirror_f9bxnlf2,finished,ndajeqp9,153M nr=[40],153M,repeated,40,10%,top,2,3.2264883518218994,3.196,3.6869158718743127,12804,1,6124423032,15311057.580000002,91486.735,6.553756596197238e-10,N/A,N/A,2026-05-02T20:15:39Z,https://wandb.ai/jchud-stanford-university/hernandez-replication/runs/mirror_f9bxnlf2
mirror_yzvo5cuc,finished,q16b85d8,93M nr=[10000],93M,repeated,10000,10%,top,2,3.552424192428589,3.1751,3.770808834373012,8693,1,3742183265,37421.83265,67031.104,1.9226564448471223e-08,N/A,N/A,2026-05-02T20:31:57Z,https://wandb.ai/jchud-stanford-university/hernandez-replication/runs/mirror_yzvo5cuc
splendid-sweep-1,finished,fgt3nw4f,34M nr=[5000],34M,repeated,5000,10%,top,4,4.398451805114746,3.938,4.64202515865272,6784,1,2726389840,54527.7968,84570.161,8.391866055844509e-09,9h 38m,108d 3h ago,2026-05-02T20:47:12Z,https://wandb.ai/jchud-stanford-university/hernandez-replication/runs/4qllvns2
fresh-sweep-1,finished,7yxzqck1,34M nr=[400],34M,repeated,400,10%,top,4,4.369503021240234,4.1674,4.843622420822496,6764,1,2725058865,681264.71625,155409.28,1.8993460794289712e-08,5h 25m,108d 8h ago,2026-05-02T20:47:15Z,https://wandb.ai/jchud-stanford-university/hernandez-replication/runs/ce3u220y
trim-sweep-1,finished,9x310pu5,"34M nr=[1,13,51,193,719,2682,10000]",34M,non-repeated,1,10%,top,0.25,5.793130397796631,5.7871,6.867424272758178,846,1,170294086,17029408.6,41507.314,1.813883053430278e-06,1h 25m,108d 3h ago,2026-05-03T05:59:32Z,https://wandb.ai/jchud-stanford-university/hernandez-replication/runs/nehmr6jo
resilient-sweep-1,finished,b24339rs,"34M nr=[1,13,51,193,719,2682,10000]",34M,non-repeated,1,10%,top,0.5,5.292367458343506,5.2959,6.230111881773523,1504,1,340611661,34061166.1,55376.428,3.244695369860058e-08,2h 12m,108d 1h ago,2026-05-03T06:16:41Z,https://wandb.ai/jchud-stanford-university/hernandez-replication/runs/no06hzhp
magic-sweep-1,finished,zg447egs,"48M nr=[1,13,51,193,719,2682,10000]",48M,non-repeated,1,10%,top,0.25,5.305675506591797,5.3024,6.303280640368872,1059,1,240018023,24001802.3,30810.699,2.49970599201627e-07,2h 31m,108d 1h ago,2026-05-03T06:16:44Z,https://wandb.ai/jchud-stanford-university/hernandez-replication/runs/jhkhwh17
iconic-sweep-1,finished,x1tpevyk,"48M nr=[1,13,51,193,719,2682,10000]",48M,non-repeated,1,10%,top,0.5,4.728976726531982,4.7262,5.655561237215246,1908,1,480036783,48003678.300000004,37594.793,6.83604735229686e-08,3h 58m,108d 0h ago,2026-05-03T06:16:46Z,https://wandb.ai/jchud-stanford-university/hernandez-replication/runs/pch0wpxv
denim-sweep-1,finished,agcc9anv,"93M nr=[1,13,51,193,719,2682,10000]",93M,non-repeated,1,10%,top,0.25,4.254545211791992,4.2305,5.1946125834697,1850,1,465333915,46533391.5,37052.151,8.935832491926894e-10,3h 57m,108d 0h ago,2026-05-03T06:16:48Z,https://wandb.ai/jchud-stanford-university/hernandez-replication/runs/vcvpoffk
dauntless-sweep-1,finished,irbj01h6,"153M nr=[1,13,51,193,719,2682,10000]",153M,non-repeated,1,10%,top,0.25,3.7214741706848145,3.7078,4.5618524465164265,2765,1,765552052,76555205.2,27131.879,1.0935728899026867e-07,8h 24m,107d 19h ago,2026-05-03T06:30:47Z,https://wandb.ai/jchud-stanford-university/hernandez-replication/runs/zm1q6d02
mirror_i1ewuy6d,finished,jhorp24a,"34M nr=[1,99,193,373,2682]",34M,non-repeated,1,10%,top,0.25,,,,,,,,,,N/A,N/A,2026-05-03T06:33:35Z,https://wandb.ai/jchud-stanford-university/hernandez-replication/runs/mirror_i1ewuy6d
mirror_o343i5h4,finished,jhorp24a,"34M nr=[1,99,193,373,2682]",34M,repeated,99,10%,top,0.25,,,,,,,,,,N/A,N/A,2026-05-03T06:33:42Z,https://wandb.ai/jchud-stanford-university/hernandez-replication/runs/mirror_o343i5h4
mirror_rm10dise,finished,jhorp24a,"34M nr=[1,99,193,373,2682]",34M,repeated,193,10%,top,0.25,,,,,,,,,,N/A,N/A,2026-05-03T06:50:55Z,https://wandb.ai/jchud-stanford-university/hernandez-replication/runs/mirror_rm10dise
mirror_ygjtwjf3,finished,jhorp24a,"34M nr=[1,99,193,373,2682]",34M,repeated,2682,10%,top,0.25,,,,,,,,,,N/A,N/A,2026-05-03T06:51:07Z,https://wandb.ai/jchud-stanford-university/hernandez-replication/runs/mirror_ygjtwjf3
mirror_xwth6eoe,finished,kkii0m9l,"34M nr=[1,99,193,373,2682]",34M,non-repeated,1,10%,top,0.5,,,,,,,,,,N/A,N/A,2026-05-03T06:51:14Z,https://wandb.ai/jchud-stanford-university/hernandez-replication/runs/mirror_xwth6eoe
mirror_cr293idh,finished,kkii0m9l,"34M nr=[1,99,193,373,2682]",34M,repeated,99,10%,top,0.5,,,,,,,,,,N/A,N/A,2026-05-03T06:51:20Z,https://wandb.ai/jchud-stanford-university/hernandez-replication/runs/mirror_cr293idh
mirror_bg6wnziv,finished,kkii0m9l,"34M nr=[1,99,193,373,2682]",34M,repeated,193,10%,top,0.5,,,,,,,,,,N/A,N/A,2026-05-03T06:51:27Z,https://wandb.ai/jchud-stanford-university/hernandez-replication/runs/mirror_bg6wnziv
mirror_l9d2xz7c,finished,kkii0m9l,"34M nr=[1,99,193,373,2682]",34M,repeated,373,10%,top,0.5,,,,,,,,,,N/A,N/A,2026-05-03T07:09:22Z,https://wandb.ai/jchud-stanford-university/hernandez-replication/runs/mirror_l9d2xz7c
mirror_1nauqp5a,finished,kkii0m9l,"34M nr=[1,99,193,373,2682]",34M,repeated,2682,10%,top,0.5,,,,,,,,,,N/A,N/A,2026-05-03T07:09:29Z,https://wandb.ai/jchud-stanford-university/hernandez-replication/runs/mirror_1nauqp5a
mirror_296sj0ot,finished,oc4gpncz,"48M nr=[1,99,193,373,2682]",48M,non-repeated,1,10%,top,0.25,,,,,,,,,,N/A,N/A,2026-05-03T07:09:37Z,https://wandb.ai/jchud-stanford-university/hernandez-replication/runs/mirror_296sj0ot
mirror_ml7q8ntg,finished,oc4gpncz,"48M nr=[1,99,193,373,2682]",48M,repeated,99,10%,top,0.25,,,,,,,,,,N/A,N/A,2026-05-03T07:09:44Z,https://wandb.ai/jchud-stanford-university/hernandez-replication/runs/mirror_ml7q8ntg
mirror_34xk4stm,finished,oc4gpncz,"48M nr=[1,99,193,373,2682]",48M,repeated,193,10%,top,0.25,,,,,,,,,,N/A,N/A,2026-05-03T07:09:51Z,https://wandb.ai/jchud-stanford-university/hernandez-replication/runs/mirror_34xk4stm
mirror_yr0n86bq,finished,oc4gpncz,"48M nr=[1,99,193,373,2682]",48M,repeated,373,10%,top,0.25,,,,,,,,,,N/A,N/A,2026-05-03T07:09:58Z,https://wandb.ai/jchud-stanford-university/hernandez-replication/runs/mirror_yr0n86bq
mirror_r610k0l5,finished,oc4gpncz,"48M nr=[1,99,193,373,2682]",48M,repeated,2682,10%,top,0.25,,,,,,,,,,N/A,N/A,2026-05-03T07:10:04Z,https://wandb.ai/jchud-stanford-university/hernandez-replication/runs/mirror_r610k0l5
fresh-sweep-2,finished,9x310pu5,"34M nr=[1,13,51,193,719,2682,10000]",34M,repeated,13,10%,top,0.25,5.794794082641602,5.7911,6.86084966071974,844,1,170299107,1309993.1307692307,47664.795,1.5037460537418397e-06,1h 13m,108d 1h ago,2026-05-03T07:25:07Z,https://wandb.ai/jchud-stanford-university/hernandez-replication/runs/5aseo5nr
mirror_33wxxo72,finished,1epoannl,"93M nr=[1,99,193,373,2682]",93M,non-repeated,1,10%,top,0.25,4.2540717124938965,4.2323,5.190170659245672,1850,1,465343286,46534328.6,69703.045,8.935832491926894e-10,N/A,N/A,2026-05-03T07:29:22Z,https://wandb.ai/jchud-stanford-university/hernandez-replication/runs/mirror_33wxxo72
mirror_ddfe1klc,finished,1epoannl,"93M nr=[1,99,193,373,2682]",93M,repeated,99,10%,top,0.25,4.32664155960083,4.1114,5.131100193814786,1842,1,465436565,470137.94444444444,87297.917,2.922434526364464e-07,N/A,N/A,2026-05-03T07:48:45Z,https://wandb.ai/jchud-stanford-university/hernandez-replication/runs/mirror_ddfe1klc
feasible-sweep-2,finished,b24339rs,"34M nr=[1,13,51,193,719,2682,10000]",34M,repeated,13,10%,top,0.5,5.297560214996338,5.2729,6.2272289513589225,1502,1,340612962,2620099.707692308,51080.359,1.1719946018331169e-08,2h 8m,107d 23h ago,2026-05-03T08:29:56Z,https://wandb.ai/jchud-stanford-university/hernandez-replication/runs/gov688ni
solar-sweep-3,finished,9x310pu5,"34M nr=[1,13,51,193,719,2682,10000]",34M,repeated,51,10%,top,0.25,5.80387544631958,5.7768,6.852508553972165,843,1,170411927,334141.0333333333,48139.035,1.361254103719456e-06,1h 13m,108d 0h ago,2026-05-03T08:38:49Z,https://wandb.ai/jchud-stanford-university/hernandez-replication/runs/odzvbeot
celestial-sweep-2,finished,zg447egs,"48M nr=[1,13,51,193,719,2682,10000]",48M,repeated,13,10%,top,0.25,5.308116436004639,5.2861,6.295363585906087,1057,1,240031906,1846399.276923077,29815.354,1.6074596546763832e-07,2h 34m,107d 23h ago,2026-05-03T08:48:30Z,https://wandb.ai/jchud-stanford-university/hernandez-replication/runs/hw733uv4
major-sweep-1,finished,fthwm5b7,"153M nr=[1,13,51,193,719,2682,10000]",153M,non-repeated,1,10%,top,0.5,3.48898983001709,3.4784,4.199880196579393,4506,1,1531096187,153109618.70000002,32325.659,8.640877252975727e-09,14h 3m,107d 11h ago,2026-05-03T09:09:33Z,https://wandb.ai/jchud-stanford-university/hernandez-replication/runs/s8ny6bj2
mirror_9h9bafkp,finished,1epoannl,"93M nr=[1,99,193,373,2682]",93M,repeated,193,10%,top,0.25,4.359085559844971,3.9894,5.050733892432539,1848,1,465370507,241124.61502590677,83110.019,5.159861473844347e-07,N/A,N/A,2026-05-03T09:24:39Z,https://wandb.ai/jchud-stanford-university/hernandez-replication/runs/mirror_9h9bafkp
mirror_j21gjdfz,finished,1epoannl,"93M nr=[1,99,193,373,2682]",93M,repeated,373,10%,top,0.25,4.373261451721191,3.9556,5.003719884849656,1842,1,465356975,124760.58310991956,82508.163,2.922434526364464e-07,N/A,N/A,2026-05-03T09:42:55Z,https://wandb.ai/jchud-stanford-university/hernandez-replication/runs/mirror_j21gjdfz
royal-sweep-4,finished,9x310pu5,"34M nr=[1,13,51,193,719,2682,10000]",34M,repeated,193,10%,top,0.25,5.833508491516113,5.7072,6.823337051446033,841,1,170309798,88243.41865284974,44577.921,1.0963932538537654e-06,1h 20m,107d 23h ago,2026-05-03T09:52:41Z,https://wandb.ai/jchud-stanford-university/hernandez-replication/runs/it5e8ulo
atomic-sweep-2,finished,agcc9anv,"93M nr=[1,13,51,193,719,2682,10000]",93M,repeated,13,10%,top,0.25,4.262467384338379,4.2407,5.191396041655205,1846,1,465347270,3579594.3846153845,37375.056,4.347623253401889e-07,3h 49m,107d 20h ago,2026-05-03T10:14:24Z,https://wandb.ai/jchud-stanford-university/hernandez-replication/runs/ztz35piq
elated-sweep-2,finished,x1tpevyk,"48M nr=[1,13,51,193,719,2682,10000]",48M,repeated,13,10%,top,0.5,4.734051704406738,4.7298,5.652332670356971,1905,1,480047716,3692674.7384615387,33650.112,3.0462712062723736e-08,4h 18m,107d 19h ago,2026-05-03T10:15:21Z,https://wandb.ai/jchud-stanford-university/hernandez-replication/runs/k1b87300
zany-sweep-3,finished,b24339rs,"34M nr=[1,13,51,193,719,2682,10000]",34M,repeated,51,10%,top,0.5,5.306863307952881,5.2691,6.214503724180058,1503,1,340610526,667863.7764705883,52188.189,2.0800723313444132e-08,2h 5m,107d 21h ago,2026-05-03T10:38:47Z,https://wandb.ai/jchud-stanford-university/hernandez-replication/runs/1o4y0ek1
mirror_car6vanh,finished,1epoannl,"93M nr=[1,99,193,373,2682]",93M,repeated,2682,10%,top,0.25,4.319072723388672,3.861,4.862724412005881,1840,1,466993605,17412.140380313198,84221.699,2.312281776196604e-07,N/A,N/A,2026-05-03T10:55:58Z,https://wandb.ai/jchud-stanford-university/hernandez-replication/runs/mirror_car6vanh
revived-sweep-5,finished,9x310pu5,"34M nr=[1,13,51,193,719,2682,10000]",34M,repeated,719,10%,top,0.25,5.848691940307617,5.5481,6.724662516421884,837,1,170950169,23776.101390820586,45299.206,6.470461399181273e-07,1h 19m,107d 21h ago,2026-05-03T11:13:07Z,https://wandb.ai/jchud-stanford-university/hernandez-replication/runs/sghfjvx9
hearty-sweep-3,finished,zg447egs,"48M nr=[1,13,51,193,719,2682,10000]",48M,repeated,51,10%,top,0.25,5.3229804039001465,5.2682,6.283622394908559,1056,1,240044441,470675.37450980395,29150.991,1.2336505534597572e-07,2h 37m,107d 20h ago,2026-05-03T11:23:11Z,https://wandb.ai/jchud-stanford-university/hernandez-replication/runs/tcu9dv3k
mirror_2zd53zfa,finished,xuhe6mdi,"93M nr=[1,99,193,373,2682]",93M,non-repeated,1,10%,top,0.5,3.9047083854675297,3.9058,4.7180037557266505,3082,1,930678599,93067859.9,90377.34,2.2591080436354283e-08,N/A,N/A,2026-05-03T11:32:35Z,https://wandb.ai/jchud-stanford-university/hernandez-replication/runs/mirror_2zd53zfa
glowing-sweep-6,finished,9x310pu5,"34M nr=[1,13,51,193,719,2682,10000]",34M,repeated,2682,10%,top,0.25,5.84290885925293,5.3074,6.518223066160664,845,1,174034973,6488.999739000746,45572.537,1.652860220056003e-06,1h 20m,107d 20h ago,2026-05-03T12:32:45Z,https://wandb.ai/jchud-stanford-university/hernandez-replication/runs/b2vztyhl
grateful-sweep-4,finished,b24339rs,"34M nr=[1,13,51,193,719,2682,10000]",34M,repeated,193,10%,top,0.5,5.35734224319458,5.2081,6.180947577523612,1498,1,340631751,176493.13523316063,53411.371,7.535929613222699e-07,2h 4m,107d 19h ago,2026-05-03T12:45:07Z,https://wandb.ai/jchud-stanford-university/hernandez-replication/runs/6r3nwvau
mirror_1cl8whos,finished,xuhe6mdi,"93M nr=[1,99,193,373,2682]",93M,repeated,99,10%,top,0.5,3.971491575241089,3.746,4.645271286421536,3083,1,930703504,940104.5494949495,100954.329,2.8568586556696337e-08,N/A,N/A,2026-05-03T13:04:26Z,https://wandb.ai/jchud-stanford-university/hernandez-replication/runs/mirror_1cl8whos
balmy-sweep-7,finished,9x310pu5,"34M nr=[1,13,51,193,719,2682,10000]",34M,repeated,10000,10%,top,0.25,5.810739994049072,5.1234,6.33268617580097,879,1,175102079,1751.0207900000003,47441.527,8.670556093930698e-08,1h 18m,107d 19h ago,2026-05-03T13:53:17Z,https://wandb.ai/jchud-stanford-university/hernandez-replication/runs/zu3d9v2y
twilight-sweep-4,finished,zg447egs,"48M nr=[1,13,51,193,719,2682,10000]",48M,repeated,193,10%,top,0.25,5.371087551116943,5.1814,6.229363995971101,1056,1,240101508,124404.92642487047,30072.893,1.2336505534597572e-07,2h 33m,107d 17h ago,2026-05-03T14:00:45Z,https://wandb.ai/jchud-stanford-university/hernandez-replication/runs/vb9v3qtv
glowing-sweep-3,finished,agcc9anv,"93M nr=[1,13,51,193,719,2682,10000]",93M,repeated,51,10%,top,0.25,4.28376579284668,4.2142,5.165504686635143,1849,1,465339326,912430.0509803921,36505.283,5.591138133809933e-07,3h 55m,107d 16h ago,2026-05-03T14:04:40Z,https://wandb.ai/jchud-stanford-university/hernandez-replication/runs/q4heo8a4
mirror_yqwgjtlg,finished,xuhe6mdi,"93M nr=[1,99,193,373,2682]",93M,repeated,193,10%,top,0.5,4.002602577209473,3.6202,4.565278859091892,3070,1,930709109,482232.6989637306,100320.375,1.5680156288213865e-07,N/A,N/A,2026-05-03T14:34:11Z,https://wandb.ai/jchud-stanford-university/hernandez-replication/runs/mirror_yqwgjtlg
glamorous-sweep-3,finished,x1tpevyk,"48M nr=[1,13,51,193,719,2682,10000]",48M,repeated,51,10%,top,0.5,4.749904632568359,4.7133,5.642015841820279,1909,1,480091556,941355.9921568627,35608.154,8.428458296183219e-08,4h 5m,107d 15h ago,2026-05-03T14:34:27Z,https://wandb.ai/jchud-stanford-university/hernandez-replication/runs/xk0f31nc
iconic-sweep-5,finished,b24339rs,"34M nr=[1,13,51,193,719,2682,10000]",34M,repeated,719,10%,top,0.5,5.3874192237854,5.022,6.05742036963839,1506,1,341054101,47434.50639777469,54591.241,6.3489568835764e-08,2h 2m,107d 17h ago,2026-05-03T14:49:35Z,https://wandb.ai/jchud-stanford-university/hernandez-replication/runs/9uj7mx1u
sweet-sweep-2,finished,irbj01h6,"153M nr=[1,13,51,193,719,2682,10000]",153M,repeated,13,10%,top,0.25,3.732217311859131,3.7049,4.55323054815539,2761,1,765552386,5888864.507692308,29588.494,6.173770871983456e-08,7h 39m,107d 11h ago,2026-05-03T14:55:24Z,https://wandb.ai/jchud-stanford-university/hernandez-replication/runs/icxcohsf
mirror_nj43ugvy,finished,3oxcelmv,"153M nr=[1,99,193,373,2682]",153M,non-repeated,1,10%,top,0.25,3.725121974945069,3.7122,4.571793159912551,2765,1,765534640,76553464.0,111170.886,1.0935728899026867e-07,N/A,N/A,2026-05-03T15:26:42Z,https://wandb.ai/jchud-stanford-university/hernandez-replication/runs/mirror_nj43ugvy
cosmic-sweep-1,finished,zrpxz2h7,48M nr=[1],48M,non-repeated,1,10%,top,2,4.084417343139648,4.0902,4.763540079659278,5450,1,1920178988,192017898.8,47775.659,1.2414822540616676e-10,11h 27m,107d 7h ago,2026-05-03T15:36:50Z,https://wandb.ai/jchud-stanford-university/hernandez-replication/runs/v2hk7rmg
mirror_khitk54f,finished,nf50ghdn,"93M nr=[60,130,250,700,1500]",93M,repeated,1500,10%,top,4,4.004742622375488,3.6274,,2850,0.20300591210200156,1511924163,100794.94420000001,115250.065,0.0011437958547071403,N/A,N/A,2026-05-03T15:45:34Z,https://wandb.ai/jchud-stanford-university/hernandez-replication/runs/mirror_khitk54f
mirror_utjj8azr,finished,xuhe6mdi,"93M nr=[1,99,193,373,2682]",93M,repeated,373,10%,top,0.5,4.002931118011475,3.6047,4.520339378252863,3079,1,930765543,249534.99812332442,99827.198,8.839024758420137e-09,N/A,N/A,2026-05-03T15:45:41Z,https://wandb.ai/jchud-stanford-university/hernandez-replication/runs/mirror_utjj8azr
mirror_y4th9u32,finished,xuhe6mdi,"93M nr=[1,99,193,373,2682]",93M,repeated,2682,10%,top,0.5,3.969057559967041,3.5628,4.417912581871295,3074,1,932858810,34782.2076808352,100301.542,2.2167702102450461e-07,N/A,N/A,2026-05-03T15:45:49Z,https://wandb.ai/jchud-stanford-university/hernandez-replication/runs/mirror_y4th9u32
wandering-sweep-5,finished,zg447egs,"48M nr=[1,13,51,193,719,2682,10000]",48M,repeated,719,10%,top,0.25,5.3893818855285645,4.9889,6.099696021579818,1059,1,240480775,33446.5611961057,30580.882,2.49970599201627e-07,2h 31m,107d 15h ago,2026-05-03T16:34:35Z,https://wandb.ai/jchud-stanford-university/hernandez-replication/runs/bc6fl3qb
expert-sweep-6,finished,b24339rs,"34M nr=[1,13,51,193,719,2682,10000]",34M,repeated,2682,10%,top,0.5,5.359318256378174,4.8506,5.905496466096747,1512,1,341698048,12740.419388516035,55142.114,2.1715215778751297e-07,2h 1m,107d 15h ago,2026-05-03T16:52:33Z,https://wandb.ai/jchud-stanford-university/hernandez-replication/runs/3heiqeqm
mirror_ljhwfbka,finished,gddcwijv,"93M nr=[60,130,250,700,1500]",93M,repeated,700,10%,top,4,3.516373872756958,3.1599,3.6875580064599696,14788,1,7446660139,1063808.5912857144,89128.901,3.95265250352639e-09,N/A,N/A,2026-05-03T17:17:36Z,https://wandb.ai/jchud-stanford-university/hernandez-replication/runs/mirror_ljhwfbka
mirror_63uszi43,finished,3oxcelmv,"153M nr=[1,99,193,373,2682]",153M,repeated,99,10%,top,0.25,3.801548719406128,3.4667,4.429809355089073,2765,1,765569284,773302.3070707071,111798.549,1.0935728899026867e-07,N/A,N/A,2026-05-03T17:35:19Z,https://wandb.ai/jchud-stanford-university/hernandez-replication/runs/mirror_63uszi43
volcanic-sweep-4,finished,agcc9anv,"93M nr=[1,13,51,193,719,2682,10000]",93M,repeated,193,10%,top,0.25,4.363619804382324,3.9954,5.0575896217709495,1848,1,465370507,241124.61502590677,40004.106,5.159861473844347e-07,3h 35m,107d 12h ago,2026-05-03T18:00:26Z,https://wandb.ai/jchud-stanford-university/hernandez-replication/runs/fpr2xz3k
hardy-sweep-1,finished,49cspvhf,"93M nr=[1,13,51,193,719,2682,10000]",93M,non-repeated,1,10%,top,0.5,3.900655746459961,3.902,4.716370250248893,3082,1,930678599,93067859.9,44575.147,2.2591080436354283e-08,6h 24m,107d 9h ago,2026-05-03T18:04:35Z,https://wandb.ai/jchud-stanford-university/hernandez-replication/runs/xvcdol3g
mirror_hxxyjt34,finished,e6ee36lv,"48M nr=[99,373]",48M,repeated,99,10%,top,0.25,,,,,,,,,,N/A,N/A,2026-05-03T18:38:12Z,https://wandb.ai/jchud-stanford-university/hernandez-replication/runs/mirror_hxxyjt34
absurd-sweep-1,finished,ycu6azqn,34M nr=[500],34M,repeated,500,10%,top,0.25,5.845741271972656,5.5977,6.747820015630778,845,1,171033232,34206.6464,47194.574,1.652860220056003e-06,1h 17m,107d 14h ago,2026-05-03T18:40:44Z,https://wandb.ai/jchud-stanford-university/hernandez-replication/runs/xrbiuqza
sleek-sweep-7,finished,b24339rs,"34M nr=[1,13,51,193,719,2682,10000]",34M,repeated,10000,10%,top,0.5,5.345815658569336,4.7558,5.806076714119014,1493,1,343403703,3434.0370300000004,56673.792,4.755316672736317e-07,1h 59m,107d 13h ago,2026-05-03T18:53:55Z,https://wandb.ai/jchud-stanford-university/hernandez-replication/runs/6zkcir1f
mirror_umnnkeyn,finished,e1scu2a2,93M nr=[500],93M,repeated,500,10%,top,0.25,4.366729736328125,3.9494,4.977410313877186,1841,1,465454767,93090.95340000001,80360.327,2.6103166508695805e-07,N/A,N/A,2026-05-03T19:02:58Z,https://wandb.ai/jchud-stanford-university/hernandez-replication/runs/mirror_umnnkeyn
drawn-sweep-6,finished,zg447egs,"48M nr=[1,13,51,193,719,2682,10000]",48M,repeated,2682,10%,top,0.25,5.363208770751953,4.8383,5.949382534532836,1056,1,241684142,9011.340119313945,31705.25,1.2336505534597572e-07,2h 26m,107d 12h ago,2026-05-03T19:06:14Z,https://wandb.ai/jchud-stanford-university/hernandez-replication/runs/b67t98e5
mirror_m11m4hwv,finished,t1bmo8si,93M nr=[500],93M,repeated,500,10%,top,0.5,3.998636960983277,3.5887,4.505136550113302,3071,1,930978392,186195.6784,90530.199,1.7208959515986838e-07,N/A,N/A,2026-05-03T19:24:52Z,https://wandb.ai/jchud-stanford-university/hernandez-replication/runs/mirror_m11m4hwv
mirror_ip2f6m8u,finished,e2py8ne1,93M nr=[719],93M,repeated,719,10%,top,0.25,4.358388423919678,3.9481,4.953388867114761,1846,1,465775722,64781.0461752434,87380.425,4.347623253401889e-07,N/A,N/A,2026-05-03T19:25:03Z,https://wandb.ai/jchud-stanford-university/hernandez-replication/runs/mirror_ip2f6m8u
mirror_mpmfpvpt,finished,nc0atb5z,93M nr=[719],93M,repeated,719,10%,top,0.5,3.995112895965576,3.6372,4.490699862686834,3064,1,930902829,129471.8816411683,97209.497,8.032988675849806e-08,N/A,N/A,2026-05-03T19:25:15Z,https://wandb.ai/jchud-stanford-university/hernandez-replication/runs/mirror_mpmfpvpt
mirror_ooz3r5pf,finished,3oxcelmv,"153M nr=[1,99,193,373,2682]",153M,repeated,193,10%,top,0.25,3.8066325187683105,3.424,4.374950431097913,2754,1,765600022,396683.94922279794,100273.263,1.0767276809218903e-08,N/A,N/A,2026-05-03T19:47:30Z,https://wandb.ai/jchud-stanford-university/hernandez-replication/runs/mirror_ooz3r5pf
daily-sweep-2,finished,3cgf9xq0,"48M nr=[193,500,719,2682,10000]",48M,repeated,500,10%,top,0.5,4.880593776702881,4.4653,5.50544047531144,1902,1,480737555,96147.511,39358.799,7.645822772132493e-09,3h 42m,107d 10h ago,2026-05-03T19:51:55Z,https://wandb.ai/jchud-stanford-university/hernandez-replication/runs/nluj570i
fearless-sweep-1,finished,3wqnxrvp,34M nr=[373],34M,repeated,373,10%,top,0.25,5.843387603759766,5.6289,6.779845287449552,844,1,170311004,45659.78659517427,36544.486,1.5037460537418397e-06,1h 30m,107d 12h ago,2026-05-03T20:54:10Z,https://wandb.ai/jchud-stanford-university/hernandez-replication/runs/cfcdk290
mirror_5swu3kxt,finished,zvhszlgt,"93M nr=[283,600,850,1000,1500]",93M,repeated,283,10%,top,0.25,4.375670909881592,3.974,5.0272245754555165,1839,1,465438110,164465.7632508834,86392.483,2.035066680165019e-07,N/A,N/A,2026-05-03T21:00:38Z,https://wandb.ai/jchud-stanford-university/hernandez-replication/runs/mirror_5swu3kxt
mirror_vtew8g0s,finished,zvhszlgt,"93M nr=[283,600,850,1000,1500]",93M,repeated,600,10%,top,0.25,4.361947059631348,3.9328,4.966521030278748,1839,1,465383865,77563.9775,86260.106,2.035066680165019e-07,N/A,N/A,2026-05-03T21:00:44Z,https://wandb.ai/jchud-stanford-university/hernandez-replication/runs/mirror_vtew8g0s
fragrant-sweep-7,finished,zg447egs,"48M nr=[1,13,51,193,719,2682,10000]",48M,repeated,10000,10%,top,0.25,5.320584297180176,4.5371,5.663324144927057,1093,1,252860630,2528.6063,35606.713,8.47268511239262e-07,2h 15m,107d 10h ago,2026-05-03T21:32:51Z,https://wandb.ai/jchud-stanford-university/hernandez-replication/runs/v12lsiv9
amber-sweep-5,finished,agcc9anv,"93M nr=[1,13,51,193,719,2682,10000]",93M,repeated,719,10%,top,0.25,4.353348255157471,3.9435,4.950384030491921,1846,1,465763730,64779.378303198886,41575.182,4.347623253401889e-07,3h 29m,107d 9h ago,2026-05-03T21:36:10Z,https://wandb.ai/jchud-stanford-university/hernandez-replication/runs/6op7mj8s
mirror_i1ptjzox,finished,3oxcelmv,"153M nr=[1,99,193,373,2682]",153M,repeated,373,10%,top,0.25,3.7992990016937256,3.4087,4.345260553678338,2756,1,765660911,205271.0217158177,109041.381,2.1084630782158983e-08,N/A,N/A,2026-05-03T21:51:15Z,https://wandb.ai/jchud-stanford-university/hernandez-replication/runs/mirror_i1ptjzox
mirror_41l5s0ra,finished,zvhszlgt,"93M nr=[283,600,850,1000,1500]",93M,repeated,850,10%,top,0.25,4.632390022277832,3.9123,,1575,0.8501794823351596,395690492,46551.8225882353,93311.994,6.737116465701726e-05,N/A,N/A,2026-05-03T22:08:27Z,https://wandb.ai/jchud-stanford-university/hernandez-replication/runs/mirror_41l5s0ra
mirror_qgwiqk7b,finished,zvhszlgt,"93M nr=[283,600,850,1000,1500]",93M,repeated,1000,10%,top,0.25,,,,,,,,,,N/A,N/A,2026-05-03T22:08:33Z,https://wandb.ai/jchud-stanford-university/hernandez-replication/runs/mirror_qgwiqk7b
frosty-sweep-1,finished,92tkxwqo,48M nr=[373],48M,repeated,373,10%,top,0.25,5.3856658935546875,5.0567,6.166899957557801,1059,1,240374394,64443.53726541556,35130.732,2.49970599201627e-07,2h 13m,107d 9h ago,2026-05-03T22:25:30Z,https://wandb.ai/jchud-stanford-university/hernandez-replication/runs/8ks1jnr0
mirror_xz2vxzgk,finished,zvhszlgt,"93M nr=[283,600,850,1000,1500]",93M,repeated,1500,10%,top,0.25,,,,,,,,,,N/A,N/A,2026-05-03T22:26:03Z,https://wandb.ai/jchud-stanford-university/hernandez-replication/runs/mirror_xz2vxzgk
mirror_if0r5drt,finished,ggqnifck,"93M nr=[283,600,850,1000,1500]",93M,repeated,283,10%,top,0.5,,,,,,,,,,N/A,N/A,2026-05-03T22:26:09Z,https://wandb.ai/jchud-stanford-university/hernandez-replication/runs/mirror_if0r5drt
mirror_urb2x3qk,finished,ggqnifck,"93M nr=[283,600,850,1000,1500]",93M,repeated,600,10%,top,0.5,,,,,,,,,,N/A,N/A,2026-05-03T22:26:16Z,https://wandb.ai/jchud-stanford-university/hernandez-replication/runs/mirror_urb2x3qk
lemon-sweep-3,finished,irbj01h6,"153M nr=[1,13,51,193,719,2682,10000]",153M,repeated,51,10%,top,0.25,3.7717125415802,3.6306,4.521495384943576,2759,1,765556762,1501091.6901960785,31600.313,4.2912587720184535e-08,7h 12m,107d 4h ago,2026-05-03T22:35:27Z,https://wandb.ai/jchud-stanford-university/hernandez-replication/runs/rmur4hn7
mirror_3mmcddx6,finished,ggqnifck,"93M nr=[283,600,850,1000,1500]",93M,repeated,850,10%,top,0.5,,,,,,,,,,N/A,N/A,2026-05-03T22:43:33Z,https://wandb.ai/jchud-stanford-university/hernandez-replication/runs/mirror_3mmcddx6
mirror_hjoimfrb,finished,ggqnifck,"93M nr=[283,600,850,1000,1500]",93M,repeated,1000,10%,top,0.5,,,,,,,,,,N/A,N/A,2026-05-03T22:43:40Z,https://wandb.ai/jchud-stanford-university/hernandez-replication/runs/mirror_hjoimfrb
mirror_ioue8epk,finished,ggqnifck,"93M nr=[283,600,850,1000,1500]",93M,repeated,1500,10%,top,0.5,,,,,,,,,,N/A,N/A,2026-05-03T22:43:47Z,https://wandb.ai/jchud-stanford-university/hernandez-replication/runs/mirror_ioue8epk
usual-sweep-2,finished,fthwm5b7,"153M nr=[1,13,51,193,719,2682,10000]",153M,repeated,13,10%,top,0.5,3.4984023571014404,3.477,4.192274737527485,4504,1,1531102329,11777710.223076923,34213.211,4.4110650715574375e-09,13h 17m,106d 21h ago,2026-05-03T23:12:58Z,https://wandb.ai/jchud-stanford-university/hernandez-replication/runs/u7xd7aez
mirror_gdf8jj7e,finished,naiuchl5,"93M nr=[283,600,850,1000,1500]",93M,repeated,283,10%,top,0.5,4.0135345458984375,3.6018,4.5399807004888215,3071,1,930812629,328909.0561837456,88831.217,1.7208959515986838e-07,N/A,N/A,2026-05-03T23:19:01Z,https://wandb.ai/jchud-stanford-university/hernandez-replication/runs/mirror_gdf8jj7e
mirror_ds1qc158,finished,58nx37hn,"93M nr=[850,1000,1500]",93M,repeated,850,10%,top,0.25,11.977100372314451,,,0,0,0,,,,N/A,N/A,2026-05-03T23:19:07Z,https://wandb.ai/jchud-stanford-university/hernandez-replication/runs/mirror_ds1qc158
mirror_v9iifks6,finished,naiuchl5,"93M nr=[283,600,850,1000,1500]",93M,repeated,600,10%,top,0.5,4.001209259033203,3.594,4.496212611735158,3065,1,930734279,155122.37983333334,53362.715,9.132264086787281e-08,N/A,N/A,2026-05-03T23:19:15Z,https://wandb.ai/jchud-stanford-university/hernandez-replication/runs/mirror_v9iifks6
bumbling-sweep-3,finished,3cgf9xq0,"48M nr=[193,500,719,2682,10000]",48M,repeated,719,10%,top,0.5,4.866357803344727,4.4394,5.464276032595808,1901,1,480460883,66823.48859527122,37844.877,3.402622208568528e-09,3h 51m,107d 6h ago,2026-05-03T23:34:23Z,https://wandb.ai/jchud-stanford-university/hernandez-replication/runs/d3pzp3ur
mirror_94j567uu,finished,58nx37hn,"93M nr=[850,1000,1500]",93M,repeated,1000,10%,top,0.25,4.3426055908203125,3.8912,4.923283242767367,1852,1,465541152,46554.1152,75638.814,8.031368254540411e-09,N/A,N/A,2026-05-03T23:55:31Z,https://wandb.ai/jchud-stanford-university/hernandez-replication/runs/mirror_94j567uu
mirror_4t2mw4aq,finished,3oxcelmv,"153M nr=[1,99,193,373,2682]",153M,repeated,2682,10%,top,0.25,3.77081847190857,3.3804,4.246673327064793,2732,1,769529658,28692.380984340045,98773.887,2.802005651482002e-08,N/A,N/A,2026-05-03T23:55:37Z,https://wandb.ai/jchud-stanford-university/hernandez-replication/runs/mirror_4t2mw4aq
misunderstood-sweep-1,finished,fddguru9,93M nr=[2682],93M,repeated,2682,10%,top,4,3.4686295986175537,3.1208,3.6322989616101737,14747,1,7447600282,277688.3028337062,52625.91,1.072787510431755e-08,39h 47m,105d 18h ago,2026-05-04T00:24:29Z,https://wandb.ai/jchud-stanford-university/hernandez-replication/runs/aswmrpy5
tough-sweep-2,finished,49cspvhf,"93M nr=[1,13,51,193,719,2682,10000]",93M,repeated,13,10%,top,0.5,3.910963296890259,3.8872,4.712661987156063,3080,1,930703388,7159256.830769232,47774.514,1.2717847504365444e-08,5h 48m,107d 4h ago,2026-05-04T00:29:41Z,https://wandb.ai/jchud-stanford-university/hernandez-replication/runs/t0h086u9
mirror_hz9h4o3r,finished,58nx37hn,"93M nr=[850,1000,1500]",93M,repeated,1500,10%,top,0.25,4.337772369384766,3.887,4.900038379434022,1833,1,466383715,31092.247666666666,77021.726,7.376701820045179e-08,N/A,N/A,2026-05-04T00:30:32Z,https://wandb.ai/jchud-stanford-university/hernandez-replication/runs/mirror_hz9h4o3r
lunar-sweep-6,finished,agcc9anv,"93M nr=[1,13,51,193,719,2682,10000]",93M,repeated,2682,10%,top,0.25,4.317358016967773,3.8602,4.860146188735962,1840,1,466980883,17411.666032811336,42456.757,2.312281776196604e-07,3h 24m,107d 5h ago,2026-05-04T01:06:00Z,https://wandb.ai/jchud-stanford-university/hernandez-replication/runs/7ef5ryln
mirror_9d4mfl79,finished,naiuchl5,"93M nr=[283,600,850,1000,1500]",93M,repeated,850,10%,top,0.5,3.995297431945801,3.5954,4.478946974839621,3075,1,932188042,109669.18141176472,91066.445,3.5442501316752286e-10,N/A,N/A,2026-05-04T02:03:35Z,https://wandb.ai/jchud-stanford-university/hernandez-replication/runs/mirror_9d4mfl79
mirror_s52o6hli,finished,zuqu98p9,"153M nr=[1,99,193,373,2682]",153M,non-repeated,1,10%,top,0.5,3.4940147399902344,3.4924,4.212229636733359,4345,1,1531086182,153108618.20000002,105793.978,8.359853843891095e-08,N/A,N/A,2026-05-04T02:22:12Z,https://wandb.ai/jchud-stanford-university/hernandez-replication/runs/mirror_s52o6hli
mirror_6a9ybml1,finished,naiuchl5,"93M nr=[283,600,850,1000,1500]",93M,repeated,1000,10%,top,0.5,3.993865489959717,3.5664,4.475351055100502,3068,1,930935814,93093.58140000001,90988.673,1.2856753289760369e-07,N/A,N/A,2026-05-04T02:40:54Z,https://wandb.ai/jchud-stanford-university/hernandez-replication/runs/mirror_6a9ybml1
mirror_opn1bukj,finished,naiuchl5,"93M nr=[283,600,850,1000,1500]",93M,repeated,1500,10%,top,0.5,3.983647584915161,3.5617,4.452588283616872,3079,1,931101299,62073.41993333334,71243.871,8.839024758420137e-09,N/A,N/A,2026-05-04T02:41:04Z,https://wandb.ai/jchud-stanford-university/hernandez-replication/runs/mirror_opn1bukj
electric-sweep-1,finished,iwnbieo0,93M nr=[193],93M,repeated,193,10%,top,0.5,4.002181529998779,3.6208,4.566279860505841,3070,1,930695476,482225.6352331607,52491.265,1.5680156288213865e-07,5h 26m,107d 1h ago,2026-05-04T03:13:28Z,https://wandb.ai/jchud-stanford-university/hernandez-replication/runs/iqvp0cdf
treasured-sweep-4,finished,3cgf9xq0,"48M nr=[193,500,719,2682,10000]",48M,repeated,2682,10%,top,0.5,4.820131301879883,4.3944,5.347561108770033,1893,1,480222872,17905.401640566743,41067.591,1.3718520427662784e-08,3h 45m,107d 3h ago,2026-05-04T03:26:08Z,https://wandb.ai/jchud-stanford-university/hernandez-replication/runs/y5o3f465
super-sweep-7,finished,agcc9anv,"93M nr=[1,13,51,193,719,2682,10000]",93M,repeated,10000,10%,top,0.25,4.293625831604004,3.8053,4.772779572602225,1852,1,471397128,4713.971280000001,43478.179,8.031368254540411e-09,3h 20m,107d 2h ago,2026-05-04T04:30:54Z,https://wandb.ai/jchud-stanford-university/hernandez-replication/runs/wv3zq5qo
olive-sweep-4,finished,irbj01h6,"153M nr=[1,13,51,193,719,2682,10000]",153M,repeated,193,10%,top,0.25,3.8058078289031982,3.4228,4.378940583660539,2754,1,765600022,396683.94922279794,31739.532,1.0767276809218903e-08,7h 6m,106d 21h ago,2026-05-04T05:48:05Z,https://wandb.ai/jchud-stanford-university/hernandez-replication/runs/1xj8hml6
robust-sweep-3,finished,49cspvhf,"93M nr=[1,13,51,193,719,2682,10000]",93M,repeated,51,10%,top,0.5,3.931414604187012,3.8651,4.693645216694263,3074,1,930682888,1824868.4078431374,47943.496,2.2167702102450461e-07,5h 43m,106d 22h ago,2026-05-04T06:18:43Z,https://wandb.ai/jchud-stanford-university/hernandez-replication/runs/6sn0brn2
mirror_tf1w8135,finished,zuqu98p9,"153M nr=[1,99,193,373,2682]",153M,repeated,99,10%,top,0.5,3.579025983810425,3.2616,4.093204685725968,4335,1,1531256135,1546723.3686868686,106649.527,2.3043915129067873e-08,N/A,N/A,2026-05-04T06:36:06Z,https://wandb.ai/jchud-stanford-university/hernandez-replication/runs/mirror_tf1w8135
clean-sweep-5,finished,3cgf9xq0,"48M nr=[193,500,719,2682,10000]",48M,repeated,10000,10%,top,0.5,4.802691459655762,4.2619,5.251622555950495,1905,1,484638389,4846.383890000001,40706.314,3.0462712062723736e-08,3h 34m,106d 23h ago,2026-05-04T07:12:03Z,https://wandb.ai/jchud-stanford-university/hernandez-replication/runs/tj0uvxtp
still-sweep-1,finished,zric1uag,153M nr=[10000],153M,repeated,10000,10%,top,0.5,3.5235354900360107,3.1416,3.8804831799219746,4357,1,1537164261,15371.642609999999,52764.36,1.20699423233564e-08,8h 56m,106d 16h ago,2026-05-04T08:40:58Z,https://wandb.ai/jchud-stanford-university/hernandez-replication/runs/yopz3m04
solar-sweep-1,finished,f039o9si,48M nr=[373],48M,repeated,373,10%,top,0.5,4.869062423706055,4.5151,5.529404357813683,1898,1,480423010,128799.7345844504,72506.417,4.911692707810283e-07,2h 36m,106d 23h ago,2026-05-04T08:43:42Z,https://wandb.ai/jchud-stanford-university/hernandez-replication/runs/np8bccux
mirror_v17delrb,finished,zuqu98p9,"153M nr=[1,99,193,373,2682]",153M,repeated,193,10%,top,0.5,3.5762531757354736,3.2222,4.03158802587958,4347,1,1531214625,793375.4533678757,121088.009,1.0022206087012869e-07,N/A,N/A,2026-05-04T10:54:59Z,https://wandb.ai/jchud-stanford-university/hernandez-replication/runs/mirror_v17delrb
solar-sweep-4,finished,49cspvhf,"93M nr=[1,13,51,193,719,2682,10000]",93M,repeated,193,10%,top,0.5,4.000691890716553,3.6194,4.564838051562977,3070,1,930695476,482225.6352331607,45970.058,1.5680156288213865e-07,5h 58m,106d 16h ago,2026-05-04T12:02:04Z,https://wandb.ai/jchud-stanford-university/hernandez-replication/runs/btxmcr18
clean-sweep-3,finished,fthwm5b7,"153M nr=[1,13,51,193,719,2682,10000]",153M,repeated,51,10%,top,0.5,3.5323169231414795,3.4236,4.1636900762889235,4497,1,1531107141,3002170.864705882,31613.797,9.364678240224877e-08,14h 5m,106d 7h ago,2026-05-04T12:31:04Z,https://wandb.ai/jchud-stanford-university/hernandez-replication/runs/3djzc09d
zany-sweep-5,finished,irbj01h6,"153M nr=[1,13,51,193,719,2682,10000]",153M,repeated,719,10%,top,0.25,3.7933952808380127,3.41,4.31264356944872,2760,1,765838148,106514.34603616133,30130.668,5.1877025979200626e-08,8h 1m,106d 13h ago,2026-05-04T12:55:23Z,https://wandb.ai/jchud-stanford-university/hernandez-replication/runs/1p9rm3vf
mirror_p0y1rzbp,finished,zuqu98p9,"153M nr=[1,99,193,373,2682]",153M,repeated,373,10%,top,0.5,3.565659523010254,3.167,3.9980785923832665,4328,1,1531598211,410616.1423592493,85963.217,3.0577223430281864e-09,N/A,N/A,2026-05-04T14:35:48Z,https://wandb.ai/jchud-stanford-university/hernandez-replication/runs/mirror_p0y1rzbp
mirror_zrn2sh1l,finished,gddcwijv,"93M nr=[60,130,250,700,1500]",93M,repeated,1500,10%,top,4,3.675046920776367,3.327,,5425,0.3680224137521666,2740098415,182673.22766666667,85697.571,0.0010239428509057297,N/A,N/A,2026-05-04T16:51:52Z,https://wandb.ai/jchud-stanford-university/hernandez-replication/runs/mirror_zrn2sh1l
pious-sweep-5,finished,49cspvhf,"93M nr=[1,13,51,193,719,2682,10000]",93M,repeated,719,10%,top,0.5,3.994961261749267,3.6376,4.493070948528559,3064,1,930902829,129471.8816411683,38400.436,8.032988675849806e-08,7h 5m,106d 9h ago,2026-05-04T18:01:13Z,https://wandb.ai/jchud-stanford-university/hernandez-replication/runs/duy7v2zk
golden-sweep-1,finished,atr1lwbv,153M nr=[500],153M,repeated,500,10%,top,0.5,3.5603675842285156,3.2065,3.9886090458335217,4325,1,1531151453,306230.2906,55313.625,1.9132884092146147e-10,8h 12m,106d 8h ago,2026-05-04T18:10:59Z,https://wandb.ai/jchud-stanford-university/hernandez-replication/runs/8xipb3x8
mirror_9s8gn139,finished,zuqu98p9,"153M nr=[1,99,193,373,2682]",153M,repeated,2682,10%,top,0.5,3.5372073650360107,3.1639,3.92573006283432,4354,1,1533403674,57173.887919463086,72092.979,4.7202498988199405e-09,N/A,N/A,2026-05-04T19:51:09Z,https://wandb.ai/jchud-stanford-university/hernandez-replication/runs/mirror_9s8gn139
smart-sweep-6,finished,irbj01h6,"153M nr=[1,13,51,193,719,2682,10000]",153M,repeated,2682,10%,top,0.25,3.773794412612915,3.3823,4.2456006193928975,2732,1,769543686,28692.90402684564,27561.512,2.802005651482002e-08,8h 9m,106d 5h ago,2026-05-04T20:57:19Z,https://wandb.ai/jchud-stanford-university/hernandez-replication/runs/8dxg3c0p
smart-sweep-1,finished,cxbm8fb6,93M nr=[10000],93M,repeated,10000,10%,top,0.5,3.942649126052856,3.5383,4.371362924264147,3060,1,933371449,9333.71449,50967.839,4.330618916528116e-08,5h 26m,106d 7h ago,2026-05-04T21:47:44Z,https://wandb.ai/jchud-stanford-university/hernandez-replication/runs/3u7uahvx
efficient-sweep-6,finished,49cspvhf,"93M nr=[1,13,51,193,719,2682,10000]",93M,repeated,2682,10%,top,0.5,3.966512441635132,3.5614,4.418322928632787,3074,1,932841648,34781.5677852349,45860.426,2.2167702102450461e-07,6h 2m,106d 3h ago,2026-05-05T01:06:36Z,https://wandb.ai/jchud-stanford-university/hernandez-replication/runs/lpvy7rak
mirror_nxb5hv32,finished,dc8dz8gt,"344M nr=[1,99,193,373,2682]",344M,non-repeated,1,10%,top,0.25,12.047407150268556,,,0,0,0,,,,N/A,N/A,2026-05-05T02:03:11Z,https://wandb.ai/jchud-stanford-university/hernandez-replication/runs/mirror_nxb5hv32
fancy-sweep-1,finished,sutanil2,153M nr=[500],153M,repeated,500,10%,top,0.25,3.7955477237701416,3.4026,4.330056137537705,2751,1,765598499,153119.6998,51383.064,1.7274720856132902e-09,4h 30m,106d 3h ago,2026-05-05T02:23:30Z,https://wandb.ai/jchud-stanford-university/hernandez-replication/runs/l3j7wolb
mirror_nyu1h5s2,finished,dc8dz8gt,"344M nr=[1,99,193,373,2682]",344M,repeated,99,10%,top,0.25,,,,,,,,,,N/A,N/A,2026-05-05T02:35:04Z,https://wandb.ai/jchud-stanford-university/hernandez-replication/runs/mirror_nyu1h5s2
absurd-sweep-4,finished,fthwm5b7,"153M nr=[1,13,51,193,719,2682,10000]",153M,repeated,193,10%,top,0.5,3.5722033977508545,3.2104,4.018930537571607,4508,1,1531214625,793375.4533678757,32955.759,1.4268030105159114e-08,13h 40m,105d 18h ago,2026-05-05T02:36:33Z,https://wandb.ai/jchud-stanford-university/hernandez-replication/runs/en39xep9
mirror_u2mh3xwf,finished,dc8dz8gt,"344M nr=[1,99,193,373,2682]",344M,repeated,193,10%,top,0.25,12.047407150268556,,,0,0,0,,,,N/A,N/A,2026-05-05T02:51:16Z,https://wandb.ai/jchud-stanford-university/hernandez-replication/runs/mirror_u2mh3xwf
mirror_tbauxhql,finished,dc8dz8gt,"344M nr=[1,99,193,373,2682]",344M,repeated,373,10%,top,0.25,,,,,,,,,,N/A,N/A,2026-05-05T03:07:38Z,https://wandb.ai/jchud-stanford-university/hernandez-replication/runs/mirror_tbauxhql
mirror_2hc2qp42,finished,dc8dz8gt,"344M nr=[1,99,193,373,2682]",344M,repeated,2682,10%,top,0.25,3.2390947341918945,2.9088,3.625609844043512,4134,1,1720191909,64138.40078299776,180202.515,2.605154881581438e-07,N/A,N/A,2026-05-05T03:24:07Z,https://wandb.ai/jchud-stanford-university/hernandez-replication/runs/mirror_2hc2qp42
proud-sweep-7,finished,irbj01h6,"153M nr=[1,13,51,193,719,2682,10000]",153M,repeated,10000,10%,top,0.25,3.760518312454224,3.3843,4.223972034032988,2716,1,766419163,7664.191629999999,31369.837,1.2804216916634965e-07,7h 36m,105d 21h ago,2026-05-05T05:07:34Z,https://wandb.ai/jchud-stanford-university/hernandez-replication/runs/78g7ddq1
mirror_bsf3hi2f,finished,msoiptyp,"344M nr=[1,99,193,373,2682]",344M,non-repeated,1,10%,top,0.5,3.041459798812866,3.0419,3.5922640598041946,8282,1,3440123064,344012306.40000004,184071.005,6.323960650921043e-08,N/A,N/A,2026-05-05T06:17:26Z,https://wandb.ai/jchud-stanford-university/hernandez-replication/runs/mirror_bsf3hi2f
stoic-sweep-7,finished,49cspvhf,"93M nr=[1,13,51,193,719,2682,10000]",93M,repeated,10000,10%,top,0.5,3.942548513412475,3.5382,4.371376343022764,3060,1,933371449,9333.71449,44880.704,4.330618916528116e-08,6h 12m,105d 21h ago,2026-05-05T07:09:13Z,https://wandb.ai/jchud-stanford-university/hernandez-replication/runs/4jj8cqj2
mirror_ylmab7mu,finished,msoiptyp,"344M nr=[1,99,193,373,2682]",344M,repeated,99,10%,top,0.5,3.1141319274902344,2.8084,3.4425274817102705,8268,1,3440231359,3474981.170707071,183730.67,2.103380193606196e-08,N/A,N/A,2026-05-05T12:16:09Z,https://wandb.ai/jchud-stanford-university/hernandez-replication/runs/mirror_ylmab7mu
drawn-sweep-5,finished,fthwm5b7,"153M nr=[1,13,51,193,719,2682,10000]",153M,repeated,719,10%,top,0.5,3.5512940883636475,3.1942,3.96121240023089,4492,1,1531354619,212983.9525730181,35198.747,5.748496603215461e-08,12h 31m,105d 5h ago,2026-05-05T16:17:32Z,https://wandb.ai/jchud-stanford-university/hernandez-replication/runs/egdw0dni
mirror_59w6rytn,finished,msoiptyp,"344M nr=[1,99,193,373,2682]",344M,repeated,193,10%,top,0.5,3.1073970794677734,2.7861,3.4040483698717905,8260,1,3440287156,1782532.2051813472,184124.318,7.062951416671515e-09,N/A,N/A,2026-05-05T17:41:03Z,https://wandb.ai/jchud-stanford-university/hernandez-replication/runs/mirror_59w6rytn
mirror_pk6r4uii,finished,msoiptyp,"344M nr=[1,99,193,373,2682]",344M,repeated,373,10%,top,0.5,3.094909906387329,2.7862,3.3786228814409007,8279,1,3440209530,922308.1849865952,184092.193,5.22958922943436e-08,N/A,N/A,2026-05-05T23:03:20Z,https://wandb.ai/jchud-stanford-university/hernandez-replication/runs/mirror_pk6r4uii
mirror_za0hmnc1,finished,msoiptyp,"344M nr=[1,99,193,373,2682]",344M,repeated,2682,10%,top,0.5,3.069396734237671,2.7551,3.32222960985161,8242,1,3444186779,128418.59727815064,183576.407,1.0841702167354225e-07,N/A,N/A,2026-05-06T04:26:03Z,https://wandb.ai/jchud-stanford-university/hernandez-replication/runs/mirror_za0hmnc1
mirror_k9niaqkj,finished,tzdq7mr5,"344M nr=[15,500]",344M,repeated,15,10%,top,0.5,3.0546255111694336,3.0201,3.5793688473718173,8283,1,3440234149,22934894.326666668,184246.295,6.711003619088084e-08,N/A,N/A,2026-05-06T19:35:59Z,https://wandb.ai/jchud-stanford-university/hernandez-replication/runs/mirror_k9niaqkj
mirror_0h9wa1xs,finished,tzdq7mr5,"344M nr=[15,500]",344M,repeated,500,10%,top,0.5,3.08823823928833,2.7929,3.3673889984009215,8279,1,3440419756,688083.9512,184458.888,5.22958922943436e-08,N/A,N/A,2026-05-07T01:11:37Z,https://wandb.ai/jchud-stanford-university/hernandez-replication/runs/mirror_0h9wa1xs
apricot-sweep-1,finished,vjsfsrnm,"34M nr=[193,2682,10000]",34M,repeated,193,5%,top,1,4.880733013153076,4.8237,5.698719218033533,2456,1,681267748,176494.2352331606,130296.007,2.6146654680120947e-08,1h 42m,25d 8h ago,2026-07-24T23:47:44Z,https://wandb.ai/jchud-stanford-university/hernandez-replication/runs/ego3swvl
scarlet-sweep-2,finished,vjsfsrnm,"34M nr=[193,2682,10000]",34M,repeated,2682,5%,top,1,4.919295787811279,4.6652,5.5791657662662155,2468,1,682299539,12719.976491424311,129053.916,4.2784932661811664e-08,1h 43m,25d 8h ago,2026-07-24T23:47:47Z,https://wandb.ai/jchud-stanford-university/hernandez-replication/runs/44448nsz
usual-sweep-2,finished,uss60kb2,"63M nr=[1,13,193,2682,10000]",63M,repeated,13,5%,top,1,4.066699504852295,4.0586,4.840471985496568,3566,1,1257425877,4836253.373076923,198823.177,7.929247597514407e-08,2h 33m,25d 7h ago,2026-07-24T23:58:34Z,https://wandb.ai/jchud-stanford-university/hernandez-replication/runs/n6gm88pg
peachy-sweep-1,finished,llgl3dqe,"153M nr=[1,13,193,2682,10000]",153M,non-repeated,1,5%,top,1,3.3261680603027344,3.3277,3.9148965386075134,7604,1,3062192244,153109612.20000002,73547.582,1.6957933891118187e-09,11h 57m,24d 20h ago,2026-07-25T01:32:18Z,https://wandb.ai/jchud-stanford-university/hernandez-replication/runs/ue4kaq8f
dandy-sweep-3,finished,uss60kb2,"63M nr=[1,13,193,2682,10000]",63M,repeated,193,5%,top,1,4.107336521148682,3.9777,4.806374137936233,3563,1,1257514747,325781.0225388601,198537.471,5.3852218864010606e-08,2h 0m,25d 5h ago,2026-07-25T02:32:14Z,https://wandb.ai/jchud-stanford-university/hernandez-replication/runs/zwaz57mn
lunar-sweep-4,finished,uss60kb2,"63M nr=[1,13,193,2682,10000]",63M,repeated,2682,5%,top,1,4.1052961349487305,3.88,4.70505871653322,3553,1,1260545549,23500.10344891872,198389.371,4.420964198821019e-09,2h 2m,25d 3h ago,2026-07-25T04:36:10Z,https://wandb.ai/jchud-stanford-university/hernandez-replication/runs/7qdmg6if
golden-sweep-5,finished,uss60kb2,"63M nr=[1,13,193,2682,10000]",63M,repeated,10000,5%,top,1,4.089033603668213,3.8694,4.638572498396331,3570,1,1272014279,6360.071395,198347.205,1.2065594941367738e-07,2h 1m,25d 1h ago,2026-07-25T06:38:38Z,https://wandb.ai/jchud-stanford-university/hernandez-replication/runs/s5eyatd7
devoted-sweep-1,finished,x62h3u2i,"93M nr=[1,13,193,2682,10000]",93M,non-repeated,1,5%,top,1,3.683614492416382,3.6835,4.37611173824325,4931,1,1861348949,93067447.45,99248.815,7.403748686530143e-09,5h 34m,24d 20h ago,2026-07-25T08:41:29Z,https://wandb.ai/jchud-stanford-university/hernandez-replication/runs/vdbw2y76
azure-sweep-2,finished,llgl3dqe,"153M nr=[1,13,193,2682,10000]",153M,repeated,13,5%,top,1,3.3299314975738525,3.3172,3.912564091003209,7603,1,3062197614,11777683.130769232,73346.116,1.0856649071788371e-09,11h 59m,24d 8h ago,2026-07-25T13:30:31Z,https://wandb.ai/jchud-stanford-university/hernandez-replication/runs/evm98ntw
eager-sweep-2,finished,x62h3u2i,"93M nr=[1,13,193,2682,10000]",93M,repeated,13,5%,top,1,3.687211513519287,3.6851,4.37457244007794,4929,1,1861399240,7159227.846153846,99305.873,3.779343850222905e-09,5h 29m,24d 14h ago,2026-07-25T14:16:34Z,https://wandb.ai/jchud-stanford-university/hernandez-replication/runs/20iai0qs
clear-sweep-3,finished,x62h3u2i,"93M nr=[1,13,193,2682,10000]",93M,repeated,193,5%,top,1,3.730462312698364,3.5643,4.3137973614083975,4921,1,1861397062,482227.21813471505,99217.751,7.342679109982553e-08,5h 35m,24d 9h ago,2026-07-25T19:46:28Z,https://wandb.ai/jchud-stanford-university/hernandez-replication/runs/elipcsrv
dashing-sweep-1,finished,zrzc2dmo,"63M nr=[50,1000]",63M,repeated,50,5%,top,1,4.074070453643799,4.0563,4.833302355053314,0,1,1257446694,1257446.6940000001,150962.311,7.929247597514408e-08,3h 36m,24d 6h ago,2026-07-26T00:25:19Z,https://wandb.ai/jchud-stanford-university/hernandez-replication/runs/8tkj5eeq
fearless-sweep-2,finished,zrzc2dmo,"63M nr=[50,1000]",63M,repeated,1000,5%,top,1,4.125563144683838,3.9161,4.738090442414707,0,1,1258305028,62915.25140000001,152312.093,8.883275244449176e-08,3h 33m,24d 6h ago,2026-07-26T00:25:20Z,https://wandb.ai/jchud-stanford-university/hernandez-replication/runs/3qjjw09j
wobbly-sweep-4,finished,x62h3u2i,"93M nr=[1,13,193,2682,10000]",93M,repeated,2682,5%,top,1,3.713322162628174,3.5347,4.2402066148477155,4925,1,1863538191,34741.57701342282,99336.56,1.51404247731943e-10,5h 28m,24d 3h ago,2026-07-26T01:22:05Z,https://wandb.ai/jchud-stanford-university/hernandez-replication/runs/y34gnryu
blooming-sweep-5,finished,x62h3u2i,"93M nr=[1,13,193,2682,10000]",93M,repeated,10000,5%,top,1,3.7016255855560303,3.4919,4.21747927031092,4914,1,1864048087,9320.240435000002,99418.739,3.422171387373624e-08,5h 31m,23d 22h ago,2026-07-26T06:51:06Z,https://wandb.ai/jchud-stanford-university/hernandez-replication/runs/gfv3ehi7
peachy-sweep-1,finished,ytdqhl1o,"153M nr=[2682,10000]",153M,repeated,2682,5%,top,1,3.325850009918213,3.3267,3.914940777983809,7604,1,3062192244,57087.84944071589,138642.95,1.6957933891118187e-09,6h 38m,23d 17h ago,2026-07-26T10:38:33Z,https://wandb.ai/jchud-stanford-university/hernandez-replication/runs/f5gdw3na
balmy-sweep-2,finished,ytdqhl1o,"153M nr=[2682,10000]",153M,repeated,10000,5%,top,1,3.3240296840667725,3.3247,3.9127240411737354,7604,1,3062192244,15310.961220000001,138844.168,1.6957933891118187e-09,6h 37m,23d 17h ago,2026-07-26T10:38:33Z,https://wandb.ai/jchud-stanford-university/hernandez-replication/runs/zvtf08ay
misunderstood-sweep-1,finished,chfk89qo,"34M nr=[1,13,10000]",34M,non-repeated,1,5%,top,1,4.855265140533447,4.8607,5.723526321246242,2406,1,681217908,34060895.4,362096.412,2.7245122946756038e-08,0h 42m,23d 22h ago,2026-07-26T11:02:37Z,https://wandb.ai/jchud-stanford-university/hernandez-replication/runs/jxewrnd4
comfy-sweep-3,finished,chfk89qo,"34M nr=[1,13,10000]",34M,repeated,10000,5%,top,1,4.860030651092529,4.8654,5.726636748658748,2406,1,681217908,3406.08954,364802.381,2.7245122946756038e-08,0h 40m,23d 21h ago,2026-07-26T11:45:33Z,https://wandb.ai/jchud-stanford-university/hernandez-replication/runs/6bivklrr
ruby-sweep-1,finished,l5t27lu9,"93M nr=[193,719]",93M,repeated,193,10%,top,1,3.690175294876098,3.6839,4.377844565537233,4929,1,1861378877,964445.0139896374,99548.272,3.779343850222905e-09,5h 31m,23d 16h ago,2026-07-26T12:22:53Z,https://wandb.ai/jchud-stanford-university/hernandez-replication/runs/tsfehkp5
wobbly-sweep-1,finished,csz3kn3l,34M nr=[13],34M,repeated,13,5%,top,1,4.8620805740356445,4.8674,5.727799957034396,2406,1,681217908,2620068.876923077,362728.803,2.7245122946756038e-08,0h 39m,23d 21h ago,2026-07-26T12:36:08Z,https://wandb.ai/jchud-stanford-university/hernandez-replication/runs/9zoyi27b
clear-sweep-1,finished,0vv38egk,"34M nr=[719,5000]",34M,repeated,719,5%,top,1,4.858625888824463,4.8639,5.725767141962091,2406,1,681217908,47372.59443671766,362331.289,2.7245122946756038e-08,0h 40m,23d 20h ago,2026-07-26T13:15:52Z,https://wandb.ai/jchud-stanford-university/hernandez-replication/runs/hb2xyyym
astral-sweep-2,finished,0vv38egk,"34M nr=[719,5000]",34M,repeated,5000,5%,top,1,4.857692718505859,4.8628,5.7251438400890065,2406,1,681217908,6812.17908,363184.178,2.7245122946756038e-08,0h 39m,23d 19h ago,2026-07-26T13:56:13Z,https://wandb.ai/jchud-stanford-university/hernandez-replication/runs/dm3g022u
wobbly-sweep-1,finished,4byb94uu,"93M nr=[50,719]",93M,repeated,50,5%,top,1,3.684885501861572,3.6823,4.376378688143078,4931,1,1861348949,1861348.949,99519.491,7.403748686530143e-09,5h 31m,23d 14h ago,2026-07-26T14:36:45Z,https://wandb.ai/jchud-stanford-university/hernandez-replication/runs/yjduitqd
zesty-sweep-1,finished,ff31g8z2,153M nr=[193],153M,repeated,193,5%,top,1,3.3267650604248047,3.3278,3.916195201723278,7604,1,3062192244,793314.0528497411,127819.574,1.6957933891118187e-09,6h 49m,23d 10h ago,2026-07-26T17:18:17Z,https://wandb.ai/jchud-stanford-university/hernandez-replication/runs/xdmhvwig
fresh-sweep-2,finished,l5t27lu9,"93M nr=[193,719]",93M,repeated,719,10%,top,1,3.688323736190796,3.6821,4.377102436267669,4929,1,1861378877,258884.40570236443,99391.07,3.779343850222905e-09,5h 26m,23d 11h ago,2026-07-26T17:55:11Z,https://wandb.ai/jchud-stanford-university/hernandez-replication/runs/5vh31li3
hearty-sweep-2,finished,4byb94uu,"93M nr=[50,719]",93M,repeated,719,5%,top,1,3.682074546813965,3.6791,4.37408600828271,4931,1,1861348949,129440.12162726009,99245.976,7.403748686530143e-09,N/A,N/A,2026-07-26T20:08:42Z,https://wandb.ai/jchud-stanford-university/hernandez-replication/runs/wlgyjyze
confused-sweep-1,finished,pfedjpzz,93M nr=[1],93M,non-repeated,1,10%,top,1,3.6851415634155273,3.6737,4.361944618747055,5189,1,1861378877,186137887.70000002,51129.285,3.06904257667979e-08,10h 26m,23d 3h ago,2026-07-26T20:37:46Z,https://wandb.ai/jchud-stanford-university/hernandez-replication/runs/6aibodig
sandy-sweep-1,finished,ow41l3vl,93M nr=[13],93M,repeated,13,10%,top,1,3.6904139518737793,3.6794,4.3578345836265875,5188,1,1861383629,14318335.607692309,51131.155,2.674769357409623e-08,10h 24m,23d 3h ago,2026-07-26T20:47:17Z,https://wandb.ai/jchud-stanford-university/hernandez-replication/runs/ow90cn1a
worthy-sweep-2,finished,sfcxlbs0,"93M nr=[80,1000]",93M,repeated,1000,5%,top,1,3.7191314697265625,3.5446,4.2461905951756815,5179,1,1861619359,93080.96795,51133.892,3.423262070187314e-09,10h 41m,23d 2h ago,2026-07-26T21:03:13Z,https://wandb.ai/jchud-stanford-university/hernandez-replication/runs/cxjiarrm
worldly-sweep-1,finished,sfcxlbs0,"93M nr=[80,1000]",93M,repeated,80,5%,top,1,3.6998085975646977,3.6585,4.346740916112744,5186,1,1861521994,1163451.24625,51188.651,1.9670370201567063e-08,10h 41m,23d 2h ago,2026-07-26T21:03:13Z,https://wandb.ai/jchud-stanford-university/hernandez-replication/runs/vgep5cp2
treasured-sweep-2,finished,gb4dzhio,"93M nr=[2682,10000]",93M,repeated,10000,10%,top,1,3.7146618366241455,3.3302,4.032653426836447,5306,1,1863753701,18637.537010000004,51159.504,6.394033158585061e-09,10h 40m,23d 2h ago,2026-07-26T21:03:14Z,https://wandb.ai/jchud-stanford-university/hernandez-replication/runs/4aatpq3z
rural-sweep-1,finished,gb4dzhio,"93M nr=[2682,10000]",93M,repeated,2682,10%,top,1,3.736202955245972,3.3474,4.079702125937748,5205,1,1863229404,69471.64071588367,51171.738,4.879899116029014e-09,10h 40m,23d 2h ago,2026-07-26T21:03:14Z,https://wandb.ai/jchud-stanford-university/hernandez-replication/runs/v5tlqf0f
fanciful-sweep-1,finished,zn5jolab,63M nr=[1],63M,non-repeated,1,5%,top,1,4.048573017120361,4.0466,4.812318966614468,3844,1,1257460896,62873044.800000004,88981.206,9.440619867801081e-08,4h 16m,23d 7h ago,2026-07-26T22:44:08Z,https://wandb.ai/jchud-stanford-university/hernandez-replication/runs/ykn43axi
swept-sweep-1,finished,nvv7qguh,"63M nr=[500,1500]",63M,repeated,500,5%,top,1,4.112582683563232,3.9222,4.727695527738028,3836,1,1257750747,125775.0747,89644.45,3.414225385325048e-08,4h 14m,23d 7h ago,2026-07-26T23:08:07Z,https://wandb.ai/jchud-stanford-university/hernandez-replication/runs/6yv47s1f
easy-sweep-2,finished,9yzdzfn8,"153M nr=[3,50]",153M,repeated,50,5%,top,1,3.3257341384887695,3.3255,3.913418901148499,7604,1,3062192244,3062192.2440000004,83810.916,1.6957933891118187e-09,10h 58m,22d 23h ago,2026-07-27T00:11:58Z,https://wandb.ai/jchud-stanford-university/hernandez-replication/runs/4zrli5h6
ancient-sweep-1,finished,js3ermuh,153M nr=[1000],153M,repeated,1000,5%,top,1,3.3255300521850586,3.3251,3.912980441981902,7604,1,3062192244,153109.61220000003,83729.757,1.6957933891118187e-09,10h 27m,22d 22h ago,2026-07-27T01:29:33Z,https://wandb.ai/jchud-stanford-university/hernandez-replication/runs/k1c07bb8
cerulean-sweep-1,finished,c7sm9pg4,34M nr=[1200],34M,repeated,1200,5%,top,1,4.854173183441162,4.8558,5.715070230793246,2461,1,681233364,28384.723500000004,348278.449,7.65255710174682e-08,0h 49m,23d 7h ago,2026-07-27T01:37:01Z,https://wandb.ai/jchud-stanford-university/hernandez-replication/runs/m1181vbt
resilient-sweep-1,finished,thlcqnqi,"34M nr=[2000,3500]",34M,repeated,2000,5%,top,1,4.859278678894043,4.8647,5.726305169654903,2406,1,681217908,17030.4477,363623.535,2.7245122946756038e-08,0h 39m,23d 7h ago,2026-07-27T02:35:08Z,https://wandb.ai/jchud-stanford-university/hernandez-replication/runs/p3m05png
mild-sweep-2,finished,thlcqnqi,"34M nr=[2000,3500]",34M,repeated,3500,5%,top,1,4.8591179847717285,4.8646,5.72621126246274,2406,1,681217908,9731.6844,363211.249,2.7245122946756038e-08,0h 39m,23d 6h ago,2026-07-27T03:14:53Z,https://wandb.ai/jchud-stanford-university/hernandez-replication/runs/ty4c6qy1
sandy-sweep-1,finished,ylaf3d1x,153M nr=[80],153M,repeated,80,5%,top,1,3.3254988193511963,3.3252,3.9131685243914593,7604,1,3062192244,1913870.1525000003,83788.845,1.6957933891118187e-09,10h 27m,22d 13h ago,2026-07-27T10:32:18Z,https://wandb.ai/jchud-stanford-university/hernandez-replication/runs/x5p3a70n
gentle-sweep-1,finished,98ij1vu5,153M nr=[719],153M,repeated,719,5%,top,1,3.326357364654541,3.3262,3.913967060327906,7604,1,3062192244,212948.00027816414,83655.072,1.6957933891118187e-09,10h 54m,22d 9h ago,2026-07-27T14:12:53Z,https://wandb.ai/jchud-stanford-university/hernandez-replication/runs/51fra9eh
flowing-sweep-1,finished,6djp89dh,93M nr=[719],93M,repeated,719,5%,top,1,3.7223594188690186,3.5473,4.254514076333879,5176,1,1861589133,129456.8242698192,50960.266,5.48516570524501e-10,10h 47m,22d 3h ago,2026-07-27T19:56:06Z,https://wandb.ai/jchud-stanford-university/hernandez-replication/runs/108uclh4
ancient-sweep-1,finished,lcmzcdui,"34M C4 nr=[1,13,193,2682,10000]",34M C4,non-repeated,1,5%,top,1,4.889897346496582,4.8742,5.568710006912463,4610,1,681225821,34061291.050000004,132690.897,1.831082548200763e-08,4h 4m,22d 9h ago,2026-07-27T21:16:40Z,https://wandb.ai/jchud-stanford-university/hernandez-replication/runs/01ox40ia
visionary-sweep-2,finished,lcmzcdui,"34M C4 nr=[1,13,193,2682,10000]",34M C4,repeated,13,5%,top,1,4.89103364944458,4.8879,5.566458585462876,4612,1,681233579,2620129.1500000004,131744.819,2.556068650772991e-08,3h 55m,22d 9h ago,2026-07-27T21:22:34Z,https://wandb.ai/jchud-stanford-university/hernandez-replication/runs/6vv29t2k
astral-sweep-3,finished,lcmzcdui,"34M C4 nr=[1,13,193,2682,10000]",34M C4,repeated,193,5%,top,1,4.927465438842773,4.8527,5.551897569098508,4602,1,681249089,176489.4012953368,132553.664,1.3671563779799954e-09,3h 58m,22d 9h ago,2026-07-27T21:22:34Z,https://wandb.ai/jchud-stanford-university/hernandez-replication/runs/ll3hn3zn
generous-sweep-4,finished,lcmzcdui,"34M C4 nr=[1,13,193,2682,10000]",34M C4,repeated,2682,5%,top,1,4.9499616622924805,4.6795,5.430432231061989,4608,1,681289404,12701.144742729308,132833.126,1.2270995113474724e-08,3h 57m,22d 9h ago,2026-07-27T21:22:34Z,https://wandb.ai/jchud-stanford-university/hernandez-replication/runs/mxhh4m8k
gentle-sweep-5,finished,lcmzcdui,"34M C4 nr=[1,13,193,2682,10000]",34M C4,repeated,10000,5%,top,1,4.932220458984375,4.6371,5.362028233814365,4578,1,686533703,3432.668515,132213.836,2.455785507470897e-09,3h 57m,22d 9h ago,2026-07-27T21:22:35Z,https://wandb.ai/jchud-stanford-university/hernandez-replication/runs/1ha4nxw6
polished-sweep-1,finished,e5m4y892,"34M C4 nr=[1,13,193,2682,10000]",34M C4,non-repeated,1,20%,top,1,4.889312744140625,4.874,5.568016278976473,4610,1,681225821,136245164.20000002,132956.192,1.831082548200763e-08,3h 55m,22d 5h ago,2026-07-28T00:38:15Z,https://wandb.ai/jchud-stanford-university/hernandez-replication/runs/w8js7vt0
stilted-sweep-2,finished,e5m4y892,"34M C4 nr=[1,13,193,2682,10000]",34M C4,repeated,13,20%,top,1,4.89772891998291,4.8597,5.561519285167767,4621,1,681239322,10480604.953846155,132642.271,7.292498297750704e-08,4h 8m,22d 4h ago,2026-07-28T01:19:25Z,https://wandb.ai/jchud-stanford-university/hernandez-replication/runs/lqo77n19
peachy-sweep-3,finished,e5m4y892,"34M C4 nr=[1,13,193,2682,10000]",34M C4,repeated,193,20%,top,1,5.1333537101745605,4.6347,5.429337176047532,4609,1,681230385,705938.2227979274,132026.862,1.5141142707196392e-08,4h 4m,22d 4h ago,2026-07-28T01:21:24Z,https://wandb.ai/jchud-stanford-university/hernandez-replication/runs/v379yq0z
silvery-sweep-5,finished,e5m4y892,"34M C4 nr=[1,13,193,2682,10000]",34M C4,repeated,10000,20%,top,1,5.059567928314209,4.0519,4.79463109277411,4626,1,683360752,13667.215040000001,133080.647,6.014007901557929e-10,4h 7m,22d 4h ago,2026-07-28T01:21:25Z,https://wandb.ai/jchud-stanford-university/hernandez-replication/runs/abeg2x46
pretty-sweep-4,finished,e5m4y892,"34M C4 nr=[1,13,193,2682,10000]",34M C4,repeated,2682,20%,top,1,5.093605995178223,4.1359,4.904008756821829,4534,1,681862763,50847.33504847129,133256.031,1.5646230686483365e-08,4h 5m,22d 4h ago,2026-07-28T01:21:25Z,https://wandb.ai/jchud-stanford-university/hernandez-replication/runs/hesll8x7
peachy-sweep-1,finished,ma69gc7n,"63M nr=[750,1500]",63M,repeated,750,5%,top,1,4.051595687866211,4.0499,4.81327281558923,3844,1,1257460896,83830.7264,111553.982,9.440619867801081e-08,3h 23m,22d 4h ago,2026-07-28T02:16:46Z,https://wandb.ai/jchud-stanford-university/hernandez-replication/runs/mga8xpj8
wild-sweep-2,finished,ma69gc7n,"63M nr=[750,1500]",63M,repeated,1500,5%,top,1,4.050549030303955,,0,3844,1,1257460896,41915.3632,,,0h 12m,22d 4h ago,2026-07-28T05:40:17Z,https://wandb.ai/jchud-stanford-university/hernandez-replication/runs/zlhf90wv
light-sweep-1,finished,ku7yps43,344M nr=[1],344M,non-repeated,1,10%,top,1,2.931244373321533,2.9247,3.3918359299336585,13673,1,6880467344,688046734.4000001,92039.681,1.3446914191087056e-08,21h 41m,21d 4h ago,2026-07-28T07:46:22Z,https://wandb.ai/jchud-stanford-university/hernandez-replication/runs/nlpno2ot
zesty-sweep-1,finished,f5o876la,34M nr=[1],34M,non-repeated,1,10%,top,1,4.869500637054443,4.8658,5.731857925814418,0,1,681230671,68123067.10000001,130779.092,3.5548386447093165e-08,2h 12m,22d 0h ago,2026-07-28T07:46:22Z,https://wandb.ai/jchud-stanford-university/hernandez-replication/runs/qt1wcwo1
stellar-sweep-1,finished,x0z5pl4v,34M nr=[1],34M,non-repeated,1,10%,top,1,4.855024814605713,4.8469,5.718319124480707,0,1,681229033,68122903.3,135200.673,5.54286762669027e-08,1h 43m,21d 21h ago,2026-07-28T10:59:05Z,https://wandb.ai/jchud-stanford-university/hernandez-replication/runs/gok95vco
lively-sweep-1,finished,62gzhq2y,344M nr=[1],344M,non-repeated,1,10%,top,1,2.9301462173461914,2.9234,3.3935583743708575,13668,1,6880453008,688045300.8000001,91424.627,8.43384649394721e-09,21h 40m,20d 7h ago,2026-07-29T05:29:13Z,https://wandb.ai/jchud-stanford-university/hernandez-replication/runs/ik9brik3
bright-sweep-1,finished,mntdhkqo,34M nr=[1],34M,non-repeated,1,10%,top,1,4.857043743133545,4.8516,5.712717494166319,2461,1,681227744,68122774.4,136694.045,7.65255710174682e-08,1h 35m,21d 2h ago,2026-07-29T06:24:47Z,https://wandb.ai/jchud-stanford-university/hernandez-replication/runs/kihxpnhd
generous-sweep-1,finished,fui7uze8,344M nr=[1],344M,non-repeated,1,10%,top,1,2.930988073348999,2.9303,3.3934652378864527,13669,1,6880457131,688045713.1,85847.799,9.343270653398984e-09,22h 44m,19d 8h ago,2026-07-30T03:10:50Z,https://wandb.ai/jchud-stanford-university/hernandez-replication/runs/vf8trrzx
morning-sweep-1,finished,3ybby4ls,93M nr=[1],93M,non-repeated,1,10%,top,1,3.6806187629699703,3.67,4.358789205275731,5194,1,1861371643,186137164.3,49242.918,5.445530381271753e-08,10h 54m,19d 5h ago,2026-07-30T17:32:22Z,https://wandb.ai/jchud-stanford-university/hernandez-replication/runs/zekd3ocs
flowing-sweep-1,finished,sq9pnzia,34M nr=[1],34M,non-repeated,1,10%,top,1,4.856642246246338,4.8761,5.7132842787781755,2461,1,681230679,68123067.9,127820.19,2.1257735047451332e-09,1h 40m,19d 15h ago,2026-07-30T17:36:38Z,https://wandb.ai/jchud-stanford-university/hernandez-replication/runs/dbvvg77s
frosty-sweep-1,finished,xqy45uod,93M nr=[1],93M,non-repeated,1,10%,top,1,3.67693829536438,3.6678,4.357232682483002,5189,1,1861371472,186137147.20000002,49155.927,3.06904257667979e-08,10h 59m,19d 5h ago,2026-07-30T17:36:42Z,https://wandb.ai/jchud-stanford-university/hernandez-replication/runs/0awqm51a
solar-sweep-1,finished,bq9z92pd,63M nr=[1],63M,non-repeated,1,10%,top,1,4.04623556137085,4.0573,4.8069175096839905,3843,1,1257451699,125745169.9,111993.191,3.778831453648826e-09,3h 39m,19d 6h ago,2026-07-31T00:37:18Z,https://wandb.ai/jchud-stanford-university/hernandez-replication/runs/0baakkdi
morning-sweep-1,finished,weqw7358,93M nr=[1],93M,non-repeated,1,10%,top,1,3.6784491539001465,3.6678,4.357453874684225,5194,1,1861371643,186137164.3,96055.308,5.445530381271753e-08,5h 58m,19d 3h ago,2026-07-31T00:37:18Z,https://wandb.ai/jchud-stanford-university/hernandez-replication/runs/ygnym5ju
fast-sweep-1,finished,363xdkxj,153M nr=[1],153M,non-repeated,1,10%,top,1,3.328335762023926,3.3368,3.919695991966435,7607,1,3062202003,306220200.3,67751.984,4.3383740621430766e-09,13h 12m,18d 20h ago,2026-07-31T00:37:18Z,https://wandb.ai/jchud-stanford-university/hernandez-replication/runs/zncggn4g
expert-sweep-1,finished,em97679f,48M nr=[1],48M,non-repeated,1,10%,top,1,4.340145111083984,,0,3179,1,960051164,96005116.4,,,0h 18m,19d 9h ago,2026-07-31T00:51:51Z,https://wandb.ai/jchud-stanford-university/hernandez-replication/runs/9cqt7f2h
stellar-sweep-1,finished,zhu1471i,48M nr=[1],48M,non-repeated,1,10%,top,1,4.345265865325928,,0,3179,1,960085935,96008593.5,,,0h 13m,19d 9h ago,2026-07-31T01:11:14Z,https://wandb.ai/jchud-stanford-university/hernandez-replication/runs/9urqf0xc
fine-sweep-1,finished,rl4w717d,48M nr=[1],48M,non-repeated,1,10%,top,1,4.342693328857422,,0,3182,1,960064099,96006409.9,,,0h 12m,19d 8h ago,2026-07-31T01:25:17Z,https://wandb.ai/jchud-stanford-university/hernandez-replication/runs/syx8mt70
neat-sweep-1,finished,wpysc9ji,153M nr=[1],153M,non-repeated,1,10%,top,1,3.326199769973755,3.3276,3.916211705052995,7607,1,3062209583,306220958.3,67798.114,4.3383740621430766e-09,12h 53m,18d 19h ago,2026-07-31T01:38:30Z,https://wandb.ai/jchud-stanford-university/hernandez-replication/runs/7jsgln5s
noble-sweep-1,finished,izscm3ut,153M nr=[1],153M,non-repeated,1,10%,top,1,3.327310800552368,3.3253,3.9183892378898646,7602,1,3062205543,306220554.3,67789.608,6.10887472491236e-10,12h 54m,18d 16h ago,2026-07-31T04:56:38Z,https://wandb.ai/jchud-stanford-university/hernandez-replication/runs/azw55lwl
crisp-sweep-1,finished,agladmby,63M nr=[1],63M,non-repeated,1,10%,top,1,4.047641277313232,4.0447,4.809952952848134,3842,1,1257446281,125744628.10000001,111839.407,2.126977611675561e-09,3h 41m,18d 12h ago,2026-07-31T17:51:14Z,https://wandb.ai/jchud-stanford-university/hernandez-replication/runs/7hnii6e9
lilac-sweep-1,finished,z5xldc00,63M nr=[1],63M,non-repeated,1,10%,top,1,4.045706748962402,4.0561,4.80888621937866,3847,1,1257459037,125745903.7,111719.191,1.5085803171855746e-08,3h 22m,18d 9h ago,2026-07-31T21:32:43Z,https://wandb.ai/jchud-stanford-university/hernandez-replication/runs/3xszj30o
